chemin,class,classe_LOC,classe_CLOC,classe_DC,WMC,classe_BC
java/org/jfree/chart/title/Title.java,org.jfree.chart.title.Title,347.0,200.0,0.57636887,31.0,0.018592544
java/org/jfree/chart/entity/CategoryLabelEntity.java,org.jfree.chart.entity.CategoryLabelEntity,78.0,39.0,0.5,7.0,0.071428575
java/org/jfree/chart/plot/dial/DialLayerChangeEvent.java,org.jfree.chart.plot.dial.DialLayerChangeEvent,27.0,17.0,0.6296296,1.0,0.6296296
java/org/jfree/chart/plot/CategoryPlot.java,org.jfree.chart.plot.CategoryPlot,4286.0,2129.0,0.49673355,495.0,0.0010035022
java/org/jfree/chart/annotations/XYLineAnnotation.java,org.jfree.chart.annotations.XYLineAnnotation,268.0,130.0,0.48507464,25.0,0.019402986
java/org/jfree/chart/plot/pie/PieLabelRecord.java,org.jfree.chart.plot.pie.PieLabelRecord,228.0,120.0,0.5263158,26.0,0.020242916
java/org/jfree/data/flow/DefaultFlowDataset.java,org.jfree.data.flow.DefaultFlowDataset,306.0,140.0,0.45751634,41.0,0.011158935
java/org/jfree/chart/swing/editor/LCBLayout.java,org.jfree.chart.swing.editor.LCBLayout,203.0,76.0,0.37438422,7.0,0.05348346
java/org/jfree/chart/labels/BubbleXYItemLabelGenerator.java,org.jfree.chart.labels.BubbleXYItemLabelGenerator,189.0,96.0,0.50793654,16.0,0.031746034
java/org/jfree/chart/block/EntityBlockResult.java,org.jfree.chart.block.EntityBlockResult,12.0,9.0,0.75,0.0,Infinity
java/org/jfree/chart/plot/dial/DialLayerChangeListener.java,org.jfree.chart.plot.dial.DialLayerChangeListener,14.0,11.0,0.78571427,0.0,Infinity
java/org/jfree/chart/labels/StandardPieSectionLabelGenerator.java,org.jfree.chart.labels.StandardPieSectionLabelGenerator,176.0,114.0,0.64772725,10.0,0.064772725
java/org/jfree/data/statistics/HistogramDataset.java,org.jfree.data.statistics.HistogramDataset,412.0,221.0,0.53640777,40.0,0.013410194
java/org/jfree/chart/plot/Zoomable.java,org.jfree.chart.plot.Zoomable,108.0,97.0,0.8981481,0.0,Infinity
java/org/jfree/chart/entity/NodeEntity.java,org.jfree.chart.entity.NodeEntity,48.0,30.0,0.625,2.0,0.3125
java/org/jfree/chart/renderer/category/StatisticalLineAndShapeRenderer.java,org.jfree.chart.renderer.category.StatisticalLineAndShapeRenderer,324.0,126.0,0.3888889,23.0,0.016908213
java/org/jfree/chart/event/AnnotationChangeListener.java,org.jfree.chart.event.AnnotationChangeListener,12.0,9.0,0.75,0.0,Infinity
java/org/jfree/chart/annotations/AbstractXYAnnotation.java,org.jfree.chart.annotations.AbstractXYAnnotation,140.0,78.0,0.55714285,15.0,0.037142858
java/org/jfree/data/RangeType.java,org.jfree.data.RangeType,18.0,13.0,0.7222222,0.0,Infinity
java/org/jfree/chart/entity/FlowEntity.java,org.jfree.chart.entity.FlowEntity,63.0,31.0,0.4920635,6.0,0.08201058
java/org/jfree/chart/swing/PolarChartPanel.java,org.jfree.chart.swing.PolarChartPanel,162.0,69.0,0.42592594,12.0,0.03549383
java/org/jfree/chart/plot/dial/StandardDialFrame.java,org.jfree.chart.plot.dial.StandardDialFrame,262.0,142.0,0.54198474,23.0,0.023564553
java/org/jfree/chart/plot/dial/DialPointer.java,org.jfree.chart.plot.dial.DialPointer,508.0,262.0,0.515748,12.0,0.042979002
java/org/jfree/data/xml/DatasetTags.java,org.jfree.data.xml.DatasetTags,29.0,21.0,0.7241379,0.0,Infinity
java/org/jfree/chart/annotations/Annotation.java,org.jfree.chart.annotations.Annotation,19.0,15.0,0.7894737,0.0,Infinity
java/org/jfree/chart/axis/Timeline.java,org.jfree.chart.axis.Timeline,90.0,81.0,0.9,0.0,Infinity
java/org/jfree/data/time/ohlc/OHLCSeriesCollection.java,org.jfree.data.time.ohlc.OHLCSeriesCollection,405.0,235.0,0.5802469,39.0,0.014878126
java/org/jfree/chart/text/format/LogFormat.java,org.jfree.chart.text.format.LogFormat,189.0,100.0,0.52910054,17.0,0.031123562
java/org/jfree/chart/block/AbstractBlock.java,org.jfree.chart.block.AbstractBlock,534.0,301.0,0.5636704,54.0,0.010438341
java/org/jfree/data/xy/VectorSeriesCollection.java,org.jfree.data.xy.VectorSeriesCollection,258.0,155.0,0.6007752,21.0,0.028608343
java/org/jfree/chart/plot/dial/DialScale.java,org.jfree.chart.plot.dial.DialScale,27.0,23.0,0.8518519,0.0,Infinity
java/org/jfree/data/statistics/StatisticalCategoryDataset.java,org.jfree.data.statistics.StatisticalCategoryDataset,42.0,36.0,0.85714287,0.0,Infinity
java/org/jfree/chart/api/XYCoordinateType.java,org.jfree.chart.api.XYCoordinateType,19.0,14.0,0.7368421,0.0,Infinity
java/org/jfree/chart/axis/DateTickMarkPosition.java,org.jfree.chart.axis.DateTickMarkPosition,18.0,13.0,0.7222222,0.0,Infinity
java/org/jfree/chart/renderer/xy/StackedXYAreaRenderer.java,org.jfree.chart.renderer.xy.StackedXYAreaRenderer,502.0,247.0,0.49203187,24.0,0.020501329
java/org/jfree/data/time/Month.java,org.jfree.data.time.Month,451.0,231.0,0.5121951,38.0,0.013478818
java/org/jfree/chart/imagemap/StandardToolTipTagFragmentGenerator.java,org.jfree.chart.imagemap.StandardToolTipTagFragmentGenerator,22.0,13.0,0.59090906,1.0,0.59090906
java/org/jfree/data/xy/XIntervalSeries.java,org.jfree.data.xy.XIntervalSeries,115.0,81.0,0.70434785,7.0,0.10062112
java/org/jfree/chart/renderer/category/MinMaxCategoryRenderer.java,org.jfree.chart.renderer.category.MinMaxCategoryRenderer,425.0,205.0,0.48235294,25.0,0.019294119
java/org/jfree/chart/labels/XYSeriesLabelGenerator.java,org.jfree.chart.labels.XYSeriesLabelGenerator,20.0,17.0,0.85,0.0,Infinity
java/org/jfree/chart/annotations/XYDataImageAnnotation.java,org.jfree.chart.annotations.XYDataImageAnnotation,270.0,143.0,0.52962965,26.0,0.020370372
java/org/jfree/chart/renderer/xy/AbstractXYItemRenderer.java,org.jfree.chart.renderer.xy.AbstractXYItemRenderer,1331.0,533.0,0.4004508,111.0,0.0036076647
java/org/jfree/chart/renderer/WaferMapRenderer.java,org.jfree.chart.renderer.WaferMapRenderer,298.0,123.0,0.41275167,30.0,0.013758389
java/org/jfree/chart/labels/BoxAndWhiskerXYToolTipGenerator.java,org.jfree.chart.labels.BoxAndWhiskerXYToolTipGenerator,96.0,54.0,0.5625,6.0,0.09375
java/org/jfree/chart/entity/CategoryItemEntity.java,org.jfree.chart.entity.CategoryItemEntity,138.0,82.0,0.5942029,13.0,0.045707915
java/org/jfree/chart/axis/CategoryLabelPosition.java,org.jfree.chart.axis.CategoryLabelPosition,192.0,107.0,0.5572917,16.0,0.03483073
java/org/jfree/chart/annotations/XYShapeAnnotation.java,org.jfree.chart.annotations.XYShapeAnnotation,209.0,94.0,0.44976076,18.0,0.024986709
java/org/jfree/chart/axis/AxisLocation.java,org.jfree.chart.axis.AxisLocation,52.0,28.0,0.53846157,6.0,0.08974359
java/org/jfree/data/xy/VectorDataItem.java,org.jfree.data.xy.VectorDataItem,71.0,39.0,0.5492958,7.0,0.078470826
java/org/jfree/data/gantt/GanttCategoryDataset.java,org.jfree.data.gantt.GanttCategoryDataset,122.0,110.0,0.90163934,0.0,Infinity
java/org/jfree/chart/renderer/xy/SamplingXYLineRenderer.java,org.jfree.chart.renderer.xy.SamplingXYLineRenderer,278.0,142.0,0.51079136,14.0,0.0364851
java/org/jfree/chart/text/G2TextMeasurer.java,org.jfree.chart.text.G2TextMeasurer,33.0,20.0,0.6060606,1.0,0.6060606
java/org/jfree/data/time/TimePeriod.java,org.jfree.data.time.TimePeriod,20.0,16.0,0.8,0.0,Infinity
java/org/jfree/chart/axis/QuarterDateFormat.java,org.jfree.chart.axis.QuarterDateFormat,133.0,71.0,0.5338346,8.0,0.06672932
java/org/jfree/chart/entity/PlotEntity.java,org.jfree.chart.entity.PlotEntity,147.0,80.0,0.5442177,13.0,0.0418629
java/org/jfree/chart/axis/CategoryAnchor.java,org.jfree.chart.axis.CategoryAnchor,18.0,13.0,0.7222222,0.0,Infinity
java/org/jfree/data/RangeInfo.java,org.jfree.data.RangeInfo,34.0,29.0,0.85294116,0.0,Infinity
java/org/jfree/data/statistics/SimpleHistogramDataset.java,org.jfree.data.statistics.SimpleHistogramDataset,405.0,235.0,0.5802469,41.0,0.014152364
java/org/jfree/chart/imagemap/DynamicDriveToolTipTagFragmentGenerator.java,org.jfree.chart.imagemap.DynamicDriveToolTipTagFragmentGenerator,43.0,28.0,0.6511628,1.0,0.6511628
java/org/jfree/chart/plot/CategoryMarker.java,org.jfree.chart.plot.CategoryMarker,129.0,72.0,0.55813956,11.0,0.05073996
java/org/jfree/chart/api/Layer.java,org.jfree.chart.api.Layer,13.0,9.0,0.6923077,0.0,Infinity
java/org/jfree/chart/imagemap/URLTagFragmentGenerator.java,org.jfree.chart.imagemap.URLTagFragmentGenerator,18.0,15.0,0.8333333,0.0,Infinity
java/org/jfree/chart/date/SpreadsheetDate.java,org.jfree.chart.date.SpreadsheetDate,362.0,203.0,0.5607735,23.0,0.024381457
java/org/jfree/chart/renderer/xy/StandardXYItemRenderer.java,org.jfree.chart.renderer.xy.StandardXYItemRenderer,819.0,426.0,0.52014655,58.0,0.008968044
java/org/jfree/data/general/KeyedValues2DDataset.java,org.jfree.data.general.KeyedValues2DDataset,10.0,8.0,0.8,0.0,Infinity
java/org/jfree/chart/renderer/xy/DefaultXYItemRenderer.java,org.jfree.chart.renderer.xy.DefaultXYItemRenderer,11.0,8.0,0.72727275,0.0,Infinity
java/org/jfree/chart/annotations/CategoryAnnotation.java,org.jfree.chart.annotations.CategoryAnnotation,18.0,15.0,0.8333333,0.0,Infinity
java/org/jfree/data/general/Series.java,org.jfree.data.general.Series,188.0,115.0,0.61170214,18.0,0.033983454
java/org/jfree/data/DefaultKeyedValue.java,org.jfree.data.DefaultKeyedValue,114.0,64.0,0.5614035,10.0,0.056140352
java/org/jfree/chart/encoders/SunJPEGEncoderAdapter.java,org.jfree.chart.encoders.SunJPEGEncoderAdapter,109.0,64.0,0.58715594,7.0,0.08387942
java/org/jfree/chart/axis/PeriodAxisLabelInfo.java,org.jfree.chart.axis.PeriodAxisLabelInfo,283.0,155.0,0.5477032,16.0,0.03423145
java/org/jfree/data/statistics/BoxAndWhiskerCalculator.java,org.jfree.data.statistics.BoxAndWhiskerCalculator,147.0,54.0,0.36734694,10.0,0.036734693
java/org/jfree/data/json/JSONUtils.java,org.jfree.data.json.JSONUtils,138.0,50.0,0.36231884,8.0,0.045289855
java/org/jfree/data/json/impl/JSONStreamAware.java,org.jfree.data.json.impl.JSONStreamAware,21.0,18.0,0.85714287,0.0,Infinity
java/org/jfree/chart/swing/editor/DefaultTitleEditor.java,org.jfree.chart.swing.editor.DefaultTitleEditor,192.0,80.0,0.41666666,15.0,0.027777778
java/org/jfree/data/Values.java,org.jfree.data.Values,23.0,19.0,0.82608694,0.0,Infinity
java/org/jfree/data/time/Second.java,org.jfree.data.time.Second,383.0,203.0,0.53002614,27.0,0.019630598
java/org/jfree/chart/swing/editor/DefaultValueAxisEditor.java,org.jfree.chart.swing.editor.DefaultValueAxisEditor,307.0,126.0,0.41042346,30.0,0.013680782
java/org/jfree/chart/annotations/XYTitleAnnotation.java,org.jfree.chart.annotations.XYTitleAnnotation,297.0,125.0,0.42087543,29.0,0.014512946
java/org/jfree/chart/labels/CategoryItemLabelGenerator.java,org.jfree.chart.labels.CategoryItemLabelGenerator,40.0,35.0,0.875,0.0,Infinity
java/org/jfree/data/general/DefaultValueDataset.java,org.jfree.data.general.DefaultValueDataset,84.0,47.0,0.5595238,6.0,0.09325397
java/org/jfree/chart/legend/LegendGraphic.java,org.jfree.chart.legend.LegendGraphic,632.0,333.0,0.52689874,68.0,0.0077485107
java/org/jfree/chart/swing/editor/ChartEditorManager.java,org.jfree.chart.swing.editor.ChartEditorManager,45.0,30.0,0.6666667,3.0,0.22222222
java/org/jfree/data/time/MovingAverage.java,org.jfree.data.time.MovingAverage,234.0,96.0,0.41025642,18.0,0.022792023
java/org/jfree/chart/plot/Pannable.java,org.jfree.chart.plot.Pannable,40.0,33.0,0.825,0.0,Infinity
java/org/jfree/data/xy/AbstractIntervalXYDataset.java,org.jfree.data.xy.AbstractIntervalXYDataset,78.0,40.0,0.51282054,8.0,0.06410257
java/org/jfree/chart/plot/ValueAxisPlot.java,org.jfree.chart.plot.ValueAxisPlot,14.0,11.0,0.78571427,0.0,Infinity
java/org/jfree/data/time/TimePeriodValue.java,org.jfree.data.time.TimePeriodValue,134.0,74.0,0.5522388,11.0,0.05020353
java/org/jfree/chart/event/MarkerChangeEvent.java,org.jfree.chart.event.MarkerChangeEvent,29.0,19.0,0.6551724,1.0,0.6551724
java/org/jfree/chart/event/PlotChangeListener.java,org.jfree.chart.event.PlotChangeListener,12.0,9.0,0.75,0.0,Infinity
java/org/jfree/chart/plot/compass/ArrowNeedle.java,org.jfree.chart.plot.compass.ArrowNeedle,111.0,44.0,0.3963964,11.0,0.036036037
java/org/jfree/chart/legend/LegendItemCollection.java,org.jfree.chart.legend.LegendItemCollection,103.0,55.0,0.5339806,11.0,0.04854369
java/org/jfree/chart/title/CompositeTitle.java,org.jfree.chart.title.CompositeTitle,173.0,95.0,0.54913294,16.0,0.03432081
java/org/jfree/chart/api/RectangleInsets.java,org.jfree.chart.api.RectangleInsets,447.0,223.0,0.49888143,49.0,0.010181254
java/org/jfree/chart/axis/CategoryLabelWidthType.java,org.jfree.chart.axis.CategoryLabelWidthType,13.0,9.0,0.6923077,0.0,Infinity
java/org/jfree/chart/renderer/xy/XYStepRenderer.java,org.jfree.chart.renderer.xy.XYStepRenderer,232.0,114.0,0.49137932,16.0,0.030711208
java/org/jfree/chart/plot/DrawingSupplier.java,org.jfree.chart.plot.DrawingSupplier,49.0,41.0,0.8367347,0.0,Infinity
java/org/jfree/chart/labels/StandardPieToolTipGenerator.java,org.jfree.chart.labels.StandardPieToolTipGenerator,87.0,60.0,0.6896552,2.0,0.3448276
java/org/jfree/data/xy/XYDataset.java,org.jfree.data.xy.XYDataset,70.0,62.0,0.8857143,0.0,Infinity
java/org/jfree/data/time/Hour.java,org.jfree.data.time.Hour,408.0,227.0,0.5563725,29.0,0.01918526
java/org/jfree/chart/labels/CategorySeriesLabelGenerator.java,org.jfree.chart.labels.CategorySeriesLabelGenerator,19.0,16.0,0.84210527,0.0,Infinity
java/org/jfree/data/xy/WindDataset.java,org.jfree.data.xy.WindDataset,31.0,27.0,0.87096775,0.0,Infinity
java/org/jfree/data/statistics/BoxAndWhiskerXYDataset.java,org.jfree.data.statistics.BoxAndWhiskerXYDataset,110.0,97.0,0.8818182,0.0,Infinity
java/org/jfree/chart/labels/StandardCategoryToolTipGenerator.java,org.jfree.chart.labels.StandardCategoryToolTipGenerator,77.0,45.0,0.58441556,5.0,0.116883114
java/org/jfree/data/general/AbstractDataset.java,org.jfree.data.general.AbstractDataset,181.0,120.0,0.6629834,15.0,0.044198893
java/org/jfree/data/general/ValueDataset.java,org.jfree.data.general.ValueDataset,6.0,4.0,0.6666667,0.0,Infinity
java/org/jfree/chart/plot/PolarPlot.java,org.jfree.chart.plot.PolarPlot,1742.0,864.0,0.49598163,207.0,0.0023960466
java/org/jfree/chart/title/DateTitle.java,org.jfree.chart.title.DateTitle,102.0,84.0,0.8235294,1.0,0.8235294
java/org/jfree/chart/plot/PlotOrientation.java,org.jfree.chart.plot.PlotOrientation,33.0,23.0,0.6969697,2.0,0.34848484
java/org/jfree/chart/event/AxisChangeListener.java,org.jfree.chart.event.AxisChangeListener,17.0,14.0,0.8235294,0.0,Infinity
java/org/jfree/chart/date/SerialDate.java,org.jfree.chart.date.SerialDate,850.0,512.0,0.6023529,97.0,0.006209824
java/org/jfree/data/KeyedValueComparator.java,org.jfree.data.KeyedValueComparator,104.0,36.0,0.34615386,7.0,0.04945055
java/org/jfree/chart/axis/TickUnit.java,org.jfree.chart.axis.TickUnit,130.0,72.0,0.5538462,11.0,0.050349653
java/org/jfree/chart/Drawable.java,org.jfree.chart.Drawable,13.0,10.0,0.7692308,0.0,Infinity
java/org/jfree/chart/plot/CombinedRangeXYPlot.java,org.jfree.chart.plot.CombinedRangeXYPlot,570.0,245.0,0.42982456,71.0,0.0060538673
java/org/jfree/chart/internal/ShapeUtils.java,org.jfree.chart.internal.ShapeUtils,439.0,195.0,0.44419134,45.0,0.0098709185
java/org/jfree/data/time/FixedMillisecond.java,org.jfree.data.time.FixedMillisecond,219.0,118.0,0.53881276,19.0,0.028358566
java/org/jfree/chart/legend/LegendItemSource.java,org.jfree.chart.legend.LegendItemSource,13.0,10.0,0.7692308,0.0,Infinity
java/org/jfree/chart/axis/MonthDateFormat.java,org.jfree.chart.axis.MonthDateFormat,180.0,103.0,0.57222223,10.0,0.057222225
java/org/jfree/data/category/CategoryRangeInfo.java,org.jfree.data.category.CategoryRangeInfo,19.0,16.0,0.84210527,0.0,Infinity
java/org/jfree/chart/renderer/category/StackedAreaRenderer.java,org.jfree.chart.renderer.category.StackedAreaRenderer,349.0,122.0,0.3495702,28.0,0.01248465
java/org/jfree/chart/axis/SymbolAxis.java,org.jfree.chart.axis.SymbolAxis,589.0,237.0,0.40237692,42.0,0.009580403
java/org/jfree/data/xy/DefaultHighLowDataset.java,org.jfree.data.xy.DefaultHighLowDataset,369.0,222.0,0.60162604,33.0,0.018231092
java/org/jfree/data/KeyedValues.java,org.jfree.data.KeyedValues,52.0,46.0,0.88461536,0.0,Infinity
java/org/jfree/chart/text/AttributedStringUtils.java,org.jfree.chart.text.AttributedStringUtils,56.0,18.0,0.32142857,8.0,0.04017857
java/org/jfree/data/statistics/DefaultStatisticalCategoryDataset.java,org.jfree.data.statistics.DefaultStatisticalCategoryDataset,597.0,282.0,0.4723618,51.0,0.0092619965
java/org/jfree/chart/block/LengthConstraintType.java,org.jfree.chart.block.LengthConstraintType,17.0,12.0,0.7058824,0.0,Infinity
java/org/jfree/chart/labels/MultipleXYSeriesLabelGenerator.java,org.jfree.chart.labels.MultipleXYSeriesLabelGenerator,170.0,75.0,0.44117647,16.0,0.02757353
java/org/jfree/chart/plot/compass/LineNeedle.java,org.jfree.chart.plot.compass.LineNeedle,68.0,35.0,0.5147059,7.0,0.073529415
java/org/jfree/chart/annotations/XYAnnotationBoundsInfo.java,org.jfree.chart.annotations.XYAnnotationBoundsInfo,27.0,22.0,0.8148148,0.0,Infinity
java/org/jfree/data/xy/Vector.java,org.jfree.data.xy.Vector,95.0,49.0,0.51578945,10.0,0.051578946
java/org/jfree/chart/event/TitleChangeEvent.java,org.jfree.chart.event.TitleChangeEvent,26.0,16.0,0.61538464,1.0,0.61538464
java/org/jfree/chart/entity/LegendItemEntity.java,org.jfree.chart.entity.LegendItemEntity,120.0,71.0,0.59166664,12.0,0.049305554
java/org/jfree/data/general/SeriesException.java,org.jfree.data.general.SeriesException,17.0,11.0,0.64705884,0.0,Infinity
java/org/jfree/chart/renderer/xy/XYBoxAndWhiskerRenderer.java,org.jfree.chart.renderer.xy.XYBoxAndWhiskerRenderer,598.0,273.0,0.45652175,57.0,0.008009153
java/org/jfree/chart/event/RendererChangeEvent.java,org.jfree.chart.event.RendererChangeEvent,53.0,35.0,0.6603774,2.0,0.3301887
java/org/jfree/data/statistics/HistogramType.java,org.jfree.data.statistics.HistogramType,17.0,12.0,0.7058824,0.0,Infinity
java/org/jfree/chart/plot/MeterPlot.java,org.jfree.chart.plot.MeterPlot,1086.0,537.0,0.49447513,101.0,0.0048957933
java/org/jfree/data/xy/IntervalXYZDataset.java,org.jfree.data.xy.IntervalXYZDataset,60.0,52.0,0.8666667,0.0,Infinity
java/org/jfree/data/time/SimpleTimePeriod.java,org.jfree.data.time.SimpleTimePeriod,163.0,81.0,0.4969325,17.0,0.029231325
java/org/jfree/chart/plot/CombinedRangeCategoryPlot.java,org.jfree.chart.plot.CombinedRangeCategoryPlot,447.0,181.0,0.4049217,52.0,0.007786956
java/org/jfree/chart/api/SortOrder.java,org.jfree.chart.api.SortOrder,13.0,9.0,0.6923077,0.0,Infinity
java/org/jfree/chart/renderer/category/AbstractCategoryItemRenderer.java,org.jfree.chart.renderer.category.AbstractCategoryItemRenderer,1336.0,607.0,0.45434132,132.0,0.0034419796
java/org/jfree/chart/block/Arrangement.java,org.jfree.chart.block.Arrangement,31.0,26.0,0.83870965,0.0,Infinity
java/org/jfree/data/DataUtils.java,org.jfree.data.DataUtils,207.0,87.0,0.42028984,30.0,0.014009661
java/org/jfree/chart/text/TextMeasurer.java,org.jfree.chart.text.TextMeasurer,16.0,13.0,0.8125,0.0,Infinity
java/org/jfree/data/xml/CategoryDatasetHandler.java,org.jfree.data.xml.CategoryDatasetHandler,74.0,40.0,0.5405405,8.0,0.067567565
java/org/jfree/chart/swing/editor/DefaultChartEditor.java,org.jfree.chart.swing.editor.DefaultChartEditor,170.0,62.0,0.3647059,9.0,0.040522877
java/org/jfree/chart/renderer/category/WaterfallBarRenderer.java,org.jfree.chart.renderer.category.WaterfallBarRenderer,348.0,144.0,0.41379312,37.0,0.011183598
java/org/jfree/chart/internal/HashUtils.java,org.jfree.chart.internal.HashUtils,152.0,92.0,0.6052632,14.0,0.043233085
java/org/jfree/chart/block/GridArrangement.java,org.jfree.chart.block.GridArrangement,343.0,137.0,0.39941692,40.0,0.009985423
java/org/jfree/chart/annotations/XYTextAnnotation.java,org.jfree.chart.annotations.XYTextAnnotation,537.0,294.0,0.547486,48.0,0.011405959
java/org/jfree/chart/renderer/category/GanttRenderer.java,org.jfree.chart.renderer.category.GanttRenderer,430.0,176.0,0.40930232,48.0,0.008527132
java/org/jfree/chart/renderer/xy/DeviationStepRenderer.java,org.jfree.chart.renderer.xy.DeviationStepRenderer,216.0,74.0,0.3425926,12.0,0.028549382
java/org/jfree/data/xy/XYInterval.java,org.jfree.data.xy.XYInterval,115.0,60.0,0.5217391,13.0,0.040133778
java/org/jfree/chart/plot/CombinedDomainXYPlot.java,org.jfree.chart.plot.CombinedDomainXYPlot,619.0,268.0,0.43295637,78.0,0.0055507226
java/org/jfree/data/general/SeriesChangeListener.java,org.jfree.data.general.SeriesChangeListener,11.0,8.0,0.72727275,0.0,Infinity
java/org/jfree/data/KeyedValueComparatorType.java,org.jfree.data.KeyedValueComparatorType,14.0,10.0,0.71428573,0.0,Infinity
java/org/jfree/chart/annotations/XYPointerAnnotation.java,org.jfree.chart.annotations.XYPointerAnnotation,440.0,231.0,0.525,36.0,0.014583332
java/org/jfree/chart/swing/editor/DefaultLogAxisEditor.java,org.jfree.chart.swing.editor.DefaultLogAxisEditor,99.0,31.0,0.3131313,11.0,0.028466482
java/org/jfree/data/ComparableObjectItem.java,org.jfree.data.ComparableObjectItem,119.0,68.0,0.5714286,11.0,0.051948056
java/org/jfree/chart/plot/dial/StandardDialRange.java,org.jfree.chart.plot.dial.StandardDialRange,337.0,183.0,0.5430267,32.0,0.016969584
java/org/jfree/data/time/TimeTableXYDataset.java,org.jfree.data.time.TimeTableXYDataset,501.0,297.0,0.5928144,47.0,0.012613072
java/org/jfree/chart/axis/AxisCollection.java,org.jfree.chart.axis.AxisCollection,95.0,51.0,0.5368421,9.0,0.059649125
java/org/jfree/chart/renderer/xy/StandardXYBarPainter.java,org.jfree.chart.renderer.xy.StandardXYBarPainter,148.0,61.0,0.41216215,14.0,0.029440153
java/org/jfree/chart/plot/pie/PieLabelDistributor.java,org.jfree.chart.plot.pie.PieLabelDistributor,158.0,60.0,0.37974682,24.0,0.015822785
java/org/jfree/chart/swing/ChartMouseEvent.java,org.jfree.chart.swing.ChartMouseEvent,62.0,41.0,0.66129035,3.0,0.22043012
java/org/jfree/data/xy/YWithXInterval.java,org.jfree.data.xy.YWithXInterval,85.0,46.0,0.5411765,9.0,0.060130723
java/org/jfree/data/xy/XYIntervalDataItem.java,org.jfree.data.xy.XYIntervalDataItem,91.0,43.0,0.47252747,11.0,0.04295704
java/org/jfree/data/xy/TableXYDataset.java,org.jfree.data.xy.TableXYDataset,15.0,12.0,0.8,0.0,Infinity
java/org/jfree/chart/swing/editor/DefaultPlotEditor.java,org.jfree.chart.swing.editor.DefaultPlotEditor,467.0,175.0,0.37473235,46.0,0.008146355
java/org/jfree/chart/labels/AbstractXYItemLabelGenerator.java,org.jfree.chart.labels.AbstractXYItemLabelGenerator,273.0,139.0,0.50915754,26.0,0.019582983
java/org/jfree/data/KeyedValuesItemKey.java,org.jfree.data.KeyedValuesItemKey,69.0,25.0,0.36231884,8.0,0.045289855
java/org/jfree/chart/api/RectangleAnchor.java,org.jfree.chart.api.RectangleAnchor,134.0,48.0,0.35820895,20.0,0.017910447
java/org/jfree/chart/event/ChartProgressListener.java,org.jfree.chart.event.ChartProgressListener,12.0,9.0,0.75,0.0,Infinity
java/org/jfree/data/general/SeriesDataset.java,org.jfree.data.general.SeriesDataset,37.0,32.0,0.8648649,0.0,Infinity
java/org/jfree/chart/labels/AbstractCategoryItemLabelGenerator.java,org.jfree.chart.labels.AbstractCategoryItemLabelGenerator,234.0,120.0,0.51282054,19.0,0.026990555
java/org/jfree/chart/api/UnitType.java,org.jfree.chart.api.UnitType,13.0,9.0,0.6923077,0.0,Infinity
java/org/jfree/chart/block/LineBorder.java,org.jfree.chart.block.LineBorder,166.0,69.0,0.41566265,17.0,0.024450744
java/org/jfree/chart/labels/ItemLabelPosition.java,org.jfree.chart.labels.ItemLabelPosition,135.0,69.0,0.51111114,12.0,0.042592596
java/org/jfree/data/Range.java,org.jfree.data.Range,377.0,197.0,0.5225464,46.0,0.011359705
java/org/jfree/data/time/Year.java,org.jfree.data.time.Year,328.0,200.0,0.6097561,20.0,0.030487806
java/org/jfree/chart/legend/LegendRenderingOrder.java,org.jfree.chart.legend.LegendRenderingOrder,13.0,9.0,0.6923077,0.0,Infinity
java/org/jfree/chart/plot/Marker.java,org.jfree.chart.plot.Marker,571.0,330.0,0.57793343,53.0,0.010904404
java/org/jfree/chart/axis/NumberAxis.java,org.jfree.chart.axis.NumberAxis,923.0,410.0,0.44420367,73.0,0.006084982
java/org/jfree/data/xy/CategoryTableXYDataset.java,org.jfree.data.xy.CategoryTableXYDataset,340.0,208.0,0.6117647,32.0,0.019117648
java/org/jfree/chart/util/DefaultShadowGenerator.java,org.jfree.chart.util.DefaultShadowGenerator,246.0,101.0,0.4105691,26.0,0.01579112
java/org/jfree/chart/imagemap/StandardURLTagFragmentGenerator.java,org.jfree.chart.imagemap.StandardURLTagFragmentGenerator,23.0,14.0,0.6086956,1.0,0.6086956
java/org/jfree/data/time/TimePeriodValues.java,org.jfree.data.time.TimePeriodValues,381.0,185.0,0.4855643,36.0,0.013487897
java/org/jfree/chart/plot/WaferMapPlot.java,org.jfree.chart.plot.WaferMapPlot,316.0,137.0,0.4335443,24.0,0.018064346
java/org/jfree/chart/block/BlockBorder.java,org.jfree.chart.block.BlockBorder,171.0,86.0,0.50292397,14.0,0.035923142
java/org/jfree/chart/renderer/category/CategoryItemRendererState.java,org.jfree.chart.renderer.category.CategoryItemRendererState,152.0,93.0,0.6118421,15.0,0.040789474
java/org/jfree/chart/plot/DialShape.java,org.jfree.chart.plot.DialShape,18.0,13.0,0.7222222,0.0,Infinity
java/org/jfree/chart/renderer/category/CategoryItemRenderer.java,org.jfree.chart.renderer.category.CategoryItemRenderer,1370.0,1233.0,0.9,0.0,Infinity
java/org/jfree/chart/axis/MarkerAxisBand.java,org.jfree.chart.axis.MarkerAxisBand,176.0,79.0,0.44886363,17.0,0.026403742
java/org/jfree/data/xml/KeyHandler.java,org.jfree.data.xml.KeyHandler,97.0,57.0,0.58762884,8.0,0.073453605
java/org/jfree/chart/renderer/category/DefaultCategoryItemRenderer.java,org.jfree.chart.renderer.category.DefaultCategoryItemRenderer,11.0,8.0,0.72727275,0.0,Infinity
java/org/jfree/data/xy/AbstractXYZDataset.java,org.jfree.data.xy.AbstractXYZDataset,23.0,12.0,0.5217391,2.0,0.26086956
java/org/jfree/data/KeyedObjects.java,org.jfree.data.KeyedObjects,274.0,135.0,0.49270073,34.0,0.014491198
java/org/jfree/chart/block/RectangleConstraint.java,org.jfree.chart.block.RectangleConstraint,259.0,146.0,0.5637066,19.0,0.029668767
java/org/jfree/chart/event/PlotChangeEvent.java,org.jfree.chart.event.PlotChangeEvent,29.0,19.0,0.6551724,1.0,0.6551724
java/org/jfree/chart/plot/pie/MultiplePiePlot.java,org.jfree.chart.plot.pie.MultiplePiePlot,497.0,203.0,0.4084507,54.0,0.0075639016
java/org/jfree/chart/event/TitleChangeListener.java,org.jfree.chart.event.TitleChangeListener,12.0,9.0,0.75,0.0,Infinity
java/org/jfree/chart/api/LengthAdjustmentType.java,org.jfree.chart.api.LengthAdjustmentType,18.0,13.0,0.7222222,0.0,Infinity
java/org/jfree/chart/axis/CyclicNumberAxis.java,org.jfree.chart.axis.CyclicNumberAxis,900.0,389.0,0.43222222,80.0,0.005402778
java/org/jfree/data/xy/AbstractXYDataset.java,org.jfree.data.xy.AbstractXYDataset,51.0,27.0,0.5294118,5.0,0.10588236
java/org/jfree/chart/block/EntityBlockParams.java,org.jfree.chart.block.EntityBlockParams,14.0,11.0,0.78571427,0.0,Infinity
java/org/jfree/chart/event/ChartChangeEvent.java,org.jfree.chart.event.ChartChangeEvent,79.0,50.0,0.6329114,4.0,0.15822785
java/org/jfree/chart/swing/ApplicationFrame.java,org.jfree.chart.swing.ApplicationFrame,83.0,52.0,0.62650603,8.0,0.078313254
java/org/jfree/data/general/DefaultPieDataset.java,org.jfree.data.general.DefaultPieDataset,279.0,165.0,0.5913978,25.0,0.023655914
java/org/jfree/data/time/Quarter.java,org.jfree.data.time.Quarter,400.0,225.0,0.5625,25.0,0.0225
java/org/jfree/data/xy/XYSeries.java,org.jfree.data.xy.XYSeries,842.0,445.0,0.52850354,82.0,0.0064451653
java/org/jfree/data/statistics/HistogramBin.java,org.jfree.data.statistics.HistogramBin,116.0,58.0,0.5,11.0,0.045454547
java/org/jfree/chart/annotations/CategoryTextAnnotation.java,org.jfree.chart.annotations.CategoryTextAnnotation,189.0,96.0,0.50793654,18.0,0.028218696
java/org/jfree/data/category/DefaultIntervalCategoryDataset.java,org.jfree.data.category.DefaultIntervalCategoryDataset,659.0,335.0,0.50834596,70.0,0.007262085
java/org/jfree/data/xy/MatrixSeriesCollection.java,org.jfree.data.xy.MatrixSeriesCollection,231.0,133.0,0.57575756,19.0,0.03030303
java/org/jfree/chart/renderer/category/StackedBarRenderer.java,org.jfree.chart.renderer.category.StackedBarRenderer,260.0,97.0,0.37307692,25.0,0.014923077
java/org/jfree/chart/axis/Tick.java,org.jfree.chart.axis.Tick,126.0,67.0,0.53174603,9.0,0.05908289
java/org/jfree/data/KeyToGroupMap.java,org.jfree.data.KeyToGroupMap,246.0,99.0,0.40243903,26.0,0.015478424
java/org/jfree/chart/renderer/xy/XYBarPainter.java,org.jfree.chart.renderer.xy.XYBarPainter,38.0,34.0,0.8947368,0.0,Infinity
java/org/jfree/data/time/DynamicTimeSeriesCollection.java,org.jfree.data.time.DynamicTimeSeriesCollection,850.0,474.0,0.55764705,77.0,0.0072421697
java/org/jfree/chart/labels/XYItemLabelGenerator.java,org.jfree.chart.labels.XYItemLabelGenerator,17.0,14.0,0.8235294,0.0,Infinity
java/org/jfree/chart/renderer/category/CategoryStepRenderer.java,org.jfree.chart.renderer.category.CategoryStepRenderer,259.0,122.0,0.47104248,22.0,0.021411022
java/org/jfree/data/xy/XYZDataset.java,org.jfree.data.xy.XYZDataset,24.0,20.0,0.8333333,0.0,Infinity
java/org/jfree/chart/renderer/xy/XYBarRenderer.java,org.jfree.chart.renderer.xy.XYBarRenderer,943.0,434.0,0.4602333,116.0,0.003967528
java/org/jfree/chart/swing/editor/ChartEditorFactory.java,org.jfree.chart.swing.editor.ChartEditorFactory,13.0,10.0,0.7692308,0.0,Infinity
java/org/jfree/chart/swing/MouseWheelHandler.java,org.jfree.chart.swing.MouseWheelHandler,96.0,43.0,0.44791666,11.0,0.040719695
java/org/jfree/chart/event/MarkerChangeListener.java,org.jfree.chart.event.MarkerChangeListener,12.0,9.0,0.75,0.0,Infinity
java/org/jfree/chart/labels/ItemLabelAnchor.java,org.jfree.chart.labels.ItemLabelAnchor,106.0,79.0,0.745283,0.0,Infinity
java/org/jfree/chart/swing/OverlayChangeEvent.java,org.jfree.chart.swing.OverlayChangeEvent,14.0,9.0,0.64285713,0.0,Infinity
java/org/jfree/chart/annotations/AbstractAnnotation.java,org.jfree.chart.annotations.AbstractAnnotation,151.0,97.0,0.6423841,14.0,0.04588458
java/org/jfree/chart/renderer/AbstractRenderer.java,org.jfree.chart.renderer.AbstractRenderer,2734.0,1590.0,0.5815655,302.0,0.0019257136
java/org/jfree/chart/renderer/AreaRendererEndType.java,org.jfree.chart.renderer.AreaRendererEndType,17.0,12.0,0.7058824,0.0,Infinity
java/org/jfree/chart/encoders/ImageFormat.java,org.jfree.chart.encoders.ImageFormat,17.0,12.0,0.7058824,0.0,Infinity
java/org/jfree/chart/axis/LogarithmicAxis.java,org.jfree.chart.axis.LogarithmicAxis,898.0,436.0,0.48552337,65.0,0.0074695903
java/org/jfree/data/general/DefaultKeyedValuesDataset.java,org.jfree.data.general.DefaultKeyedValuesDataset,11.0,8.0,0.72727275,0.0,Infinity
java/org/jfree/chart/plot/compass/CompassPlot.java,org.jfree.chart.plot.compass.CompassPlot,731.0,338.0,0.4623803,80.0,0.0057797534
java/org/jfree/data/xy/DefaultWindDataset.java,org.jfree.data.xy.WindDataItem,103.0,49.0,0.47572815,11.0,0.043248013
java/org/jfree/chart/plot/Plot.java,org.jfree.chart.plot.Plot,1243.0,680.0,0.5470635,141.0,0.003879883
java/org/jfree/chart/axis/SubCategoryAxis.java,org.jfree.chart.axis.SubCategoryAxis,323.0,138.0,0.42724457,36.0,0.011867905
java/org/jfree/data/general/KeyedValueDataset.java,org.jfree.data.general.KeyedValueDataset,6.0,4.0,0.6666667,0.0,Infinity
java/org/jfree/chart/text/TextLine.java,org.jfree.chart.text.TextLine,186.0,91.0,0.48924732,19.0,0.025749858
java/org/jfree/chart/entity/StandardEntityCollection.java,org.jfree.chart.entity.StandardEntityCollection,147.0,73.0,0.49659863,16.0,0.031037414
java/org/jfree/data/flow/FlowKey.java,org.jfree.data.flow.FlowKey,118.0,57.0,0.48305085,13.0,0.03715776
java/org/jfree/data/general/AbstractSeriesDataset.java,org.jfree.data.general.AbstractSeriesDataset,63.0,39.0,0.61904764,4.0,0.15476191
java/org/jfree/chart/util/StringUtils.java,org.jfree.chart.util.StringUtils,51.0,28.0,0.54901963,5.0,0.10980393
java/org/jfree/chart/labels/StandardXYToolTipGenerator.java,org.jfree.chart.labels.StandardXYToolTipGenerator,129.0,84.0,0.6511628,7.0,0.093023255
java/org/jfree/data/category/CategoryToPieDataset.java,org.jfree.data.category.CategoryToPieDataset,256.0,120.0,0.46875,28.0,0.01674107
java/org/jfree/chart/text/format/HexNumberFormat.java,org.jfree.chart.text.format.HexNumberFormat,107.0,67.0,0.62616825,6.0,0.10436138
java/org/jfree/chart/labels/StandardXYZToolTipGenerator.java,org.jfree.chart.labels.StandardXYZToolTipGenerator,179.0,91.0,0.5083799,15.0,0.03389199
java/org/jfree/chart/axis/LogAxis.java,org.jfree.chart.axis.LogAxis,871.0,378.0,0.43398392,92.0,0.0047172164
java/org/jfree/data/xy/IntervalXYDataset.java,org.jfree.data.xy.IntervalXYDataset,101.0,91.0,0.9009901,0.0,Infinity
java/org/jfree/chart/plot/pie/PiePlotState.java,org.jfree.chart.plot.pie.PiePlotState,220.0,143.0,0.65,20.0,0.0325
java/org/jfree/chart/legend/PaintScaleLegend.java,org.jfree.chart.legend.PaintScaleLegend,559.0,252.0,0.450805,50.0,0.0090161
java/org/jfree/data/resources/DataPackageResources_pl.java,org.jfree.data.resources.DataPackageResources_pl,18.0,11.0,0.6111111,1.0,0.6111111
java/org/jfree/data/time/Minute.java,org.jfree.data.time.Minute,412.0,223.0,0.54126215,27.0,0.020046746
java/org/jfree/data/function/PolynomialFunction2D.java,org.jfree.data.function.PolynomialFunction2D,79.0,46.0,0.5822785,7.0,0.08318264
java/org/jfree/chart/block/BlockParams.java,org.jfree.chart.block.BlockParams,85.0,56.0,0.65882355,6.0,0.10980392
java/org/jfree/chart/plot/PolarAxisLocation.java,org.jfree.chart.plot.PolarAxisLocation,37.0,27.0,0.7297297,0.0,Infinity
java/org/jfree/data/statistics/Statistics.java,org.jfree.data.statistics.Statistics,358.0,151.0,0.4217877,35.0,0.012051078
java/org/jfree/chart/axis/DateTickUnit.java,org.jfree.chart.axis.DateTickUnit,271.0,151.0,0.55719554,27.0,0.020636871
java/org/jfree/data/resources/DataPackageResources_fr.java,org.jfree.data.resources.DataPackageResources_fr,18.0,11.0,0.6111111,1.0,0.6111111
java/org/jfree/chart/text/TextBlockAnchor.java,org.jfree.chart.text.TextBlockAnchor,41.0,30.0,0.73170733,0.0,Infinity
java/org/jfree/chart/renderer/category/BarRenderer.java,org.jfree.chart.renderer.category.BarRenderer,1039.0,503.0,0.48411936,120.0,0.004034328
java/org/jfree/chart/plot/dial/DialCap.java,org.jfree.chart.plot.dial.DialCap,249.0,141.0,0.56626505,22.0,0.02573932
java/org/jfree/chart/labels/SymbolicXYItemLabelGenerator.java,org.jfree.chart.labels.SymbolicXYItemLabelGenerator,109.0,54.0,0.49541286,12.0,0.041284405
java/org/jfree/data/xy/OHLCDataset.java,org.jfree.data.xy.OHLCDataset,101.0,89.0,0.8811881,0.0,Infinity
java/org/jfree/data/xy/DefaultIntervalXYDataset.java,org.jfree.data.xy.DefaultIntervalXYDataset,476.0,295.0,0.6197479,33.0,0.018780239
java/org/jfree/data/KeyedValues2DItemKey.java,org.jfree.data.KeyedValues2DItemKey,104.0,38.0,0.3653846,12.0,0.030448718
java/org/jfree/chart/renderer/xy/DeviationRenderer.java,org.jfree.chart.renderer.xy.DeviationRenderer,277.0,141.0,0.5090253,18.0,0.028279182
java/org/jfree/chart/labels/IntervalCategoryItemLabelGenerator.java,org.jfree.chart.labels.IntervalCategoryItemLabelGenerator,75.0,37.0,0.49333334,4.0,0.123333335
java/org/jfree/data/xml/ItemHandler.java,org.jfree.data.xml.ItemHandler,106.0,58.0,0.5471698,10.0,0.054716982
java/org/jfree/chart/plot/DatasetRenderingOrder.java,org.jfree.chart.plot.DatasetRenderingOrder,17.0,13.0,0.7647059,0.0,Infinity
java/org/jfree/chart/renderer/xy/StackedXYBarRenderer.java,org.jfree.chart.renderer.xy.StackedXYBarRenderer,300.0,120.0,0.4,29.0,0.013793103
java/org/jfree/data/general/HeatMapUtils.java,org.jfree.data.general.HeatMapUtils,71.0,34.0,0.47887325,7.0,0.06841046
java/org/jfree/chart/block/FlowArrangement.java,org.jfree.chart.block.FlowArrangement,332.0,153.0,0.46084338,29.0,0.015891152
java/org/jfree/chart/renderer/xy/XYDotRenderer.java,org.jfree.chart.renderer.xy.XYDotRenderer,271.0,138.0,0.5092251,24.0,0.021217711
java/org/jfree/chart/plot/compass/MiddlePinNeedle.java,org.jfree.chart.plot.compass.MiddlePinNeedle,87.0,37.0,0.42528737,9.0,0.047254153
java/org/jfree/data/general/DefaultHeatMapDataset.java,org.jfree.data.general.DefaultHeatMapDataset,274.0,146.0,0.5328467,24.0,0.022201946
java/org/jfree/data/category/SlidingCategoryDataset.java,org.jfree.data.category.SlidingCategoryDataset,300.0,162.0,0.54,33.0,0.016363638
java/org/jfree/chart/text/TextBlock.java,org.jfree.chart.text.TextBlock,218.0,114.0,0.5229358,25.0,0.020917432
java/org/jfree/data/DefaultKeyedValues2D.java,org.jfree.data.DefaultKeyedValues2D,464.0,227.0,0.48922414,49.0,0.009984166
java/org/jfree/chart/urls/XYURLGenerator.java,org.jfree.chart.urls.XYURLGenerator,20.0,17.0,0.85,0.0,Infinity
java/org/jfree/chart/swing/editor/FontDisplayField.java,org.jfree.chart.swing.editor.FontDisplayField,57.0,34.0,0.5964912,4.0,0.1491228
java/org/jfree/data/xy/YisSymbolic.java,org.jfree.data.xy.YisSymbolic,30.0,25.0,0.8333333,0.0,Infinity
java/org/jfree/data/ComparableObjectSeries.java,org.jfree.data.ComparableObjectSeries,379.0,191.0,0.5039578,41.0,0.012291654
java/org/jfree/chart/plot/IntervalMarker.java,org.jfree.chart.plot.IntervalMarker,155.0,88.0,0.56774193,14.0,0.040552996
java/org/jfree/data/function/PowerFunction2D.java,org.jfree.data.function.PowerFunction2D,87.0,48.0,0.55172414,8.0,0.06896552
java/org/jfree/chart/urls/TimeSeriesURLGenerator.java,org.jfree.chart.urls.TimeSeriesURLGenerator,147.0,68.0,0.46258503,13.0,0.035583463
java/org/jfree/data/xy/DefaultWindDataset.java,org.jfree.data.xy.DefaultWindDataset,248.0,134.0,0.5403226,16.0,0.033770163
java/org/jfree/chart/block/Block.java,org.jfree.chart.block.Block,62.0,53.0,0.8548387,0.0,Infinity
java/org/jfree/chart/renderer/category/LineAndShapeRenderer.java,org.jfree.chart.renderer.category.LineAndShapeRenderer,687.0,365.0,0.5312955,57.0,0.009320973
java/org/jfree/data/xy/VectorSeries.java,org.jfree.data.xy.VectorSeries,123.0,83.0,0.67479676,8.0,0.084349595
java/org/jfree/chart/axis/TickUnitSource.java,org.jfree.chart.axis.TickUnitSource,34.0,29.0,0.85294116,0.0,Infinity
java/org/jfree/data/xml/RootHandler.java,org.jfree.data.xml.RootHandler,72.0,38.0,0.5277778,7.0,0.07539683
java/org/jfree/data/KeyedValue.java,org.jfree.data.KeyedValue,14.0,11.0,0.78571427,0.0,Infinity
java/org/jfree/chart/axis/CategoryTick.java,org.jfree.chart.axis.CategoryTick,96.0,48.0,0.5,7.0,0.071428575
java/org/jfree/chart/JFreeChart.java,org.jfree.chart.JFreeChart,1391.0,720.0,0.51761323,134.0,0.0038627854
java/org/jfree/chart/swing/SelectionZoomStrategy.java,org.jfree.chart.swing.SelectionZoomStrategy,119.0,102.0,0.85714287,0.0,Infinity
java/org/jfree/data/xml/ValueHandler.java,org.jfree.data.xml.ValueHandler,101.0,53.0,0.5247525,8.0,0.06559406
java/org/jfree/chart/plot/dial/AbstractDialLayer.java,org.jfree.chart.plot.dial.AbstractDialLayer,152.0,88.0,0.57894737,14.0,0.041353382
java/org/jfree/chart/swing/UIUtils.java,org.jfree.chart.swing.UIUtils,136.0,69.0,0.50735295,12.0,0.04227941
java/org/jfree/chart/renderer/Outlier.java,org.jfree.chart.renderer.Outlier,146.0,83.0,0.5684931,16.0,0.03553082
java/org/jfree/chart/renderer/xy/XYBubbleRenderer.java,org.jfree.chart.renderer.xy.XYBubbleRenderer,235.0,88.0,0.3744681,13.0,0.028805237
java/org/jfree/chart/plot/FastScatterPlot.java,org.jfree.chart.plot.FastScatterPlot,896.0,463.0,0.5167411,87.0,0.005939553
java/org/jfree/chart/renderer/xy/XYItemRendererState.java,org.jfree.chart.renderer.xy.XYItemRendererState,127.0,98.0,0.77165353,6.0,0.12860893
java/org/jfree/chart/entity/XYAnnotationEntity.java,org.jfree.chart.entity.XYAnnotationEntity,66.0,35.0,0.530303,7.0,0.07575757
java/org/jfree/data/time/TimeSeriesCollection.java,org.jfree.data.time.TimeSeriesCollection,602.0,311.0,0.5166113,61.0,0.008469038
java/org/jfree/chart/util/AttrStringUtils.java,org.jfree.chart.util.AttrStringUtils,203.0,82.0,0.4039409,31.0,0.013030351
java/org/jfree/chart/swing/AbstractOverlay.java,org.jfree.chart.swing.AbstractOverlay,62.0,36.0,0.58064514,6.0,0.09677419
java/org/jfree/chart/swing/editor/StrokeSample.java,org.jfree.chart.swing.editor.StrokeSample,104.0,51.0,0.4903846,7.0,0.07005494
java/org/jfree/chart/block/ColumnArrangement.java,org.jfree.chart.block.ColumnArrangement,285.0,125.0,0.4385965,25.0,0.01754386
java/org/jfree/chart/renderer/xy/YIntervalRenderer.java,org.jfree.chart.renderer.xy.YIntervalRenderer,202.0,102.0,0.5049505,17.0,0.029702973
java/org/jfree/chart/labels/StandardXYItemLabelGenerator.java,org.jfree.chart.labels.StandardXYItemLabelGenerator,128.0,84.0,0.65625,6.0,0.109375
java/org/jfree/data/resources/DataPackageResources_de.java,org.jfree.data.resources.DataPackageResources_de,18.0,11.0,0.6111111,1.0,0.6111111
java/org/jfree/data/general/DatasetChangeEvent.java,org.jfree.data.general.DatasetChangeEvent,33.0,23.0,0.6969697,1.0,0.6969697
java/org/jfree/chart/renderer/category/LevelRenderer.java,org.jfree.chart.renderer.category.LevelRenderer,323.0,155.0,0.47987616,28.0,0.017138435
java/org/jfree/chart/axis/NumberTickUnitSource.java,org.jfree.chart.axis.NumberTickUnitSource,174.0,24.0,0.13793103,34.0,0.004056795
java/org/jfree/chart/encoders/ImageEncoderFactory.java,org.jfree.chart.encoders.ImageEncoderFactory,94.0,49.0,0.5212766,8.0,0.065159574
java/org/jfree/chart/renderer/xy/XYBlockRenderer.java,org.jfree.chart.renderer.xy.XYBlockRenderer,406.0,201.0,0.49507388,47.0,0.0105334865
java/org/jfree/chart/urls/CustomXYURLGenerator.java,org.jfree.chart.urls.CustomXYURLGenerator,143.0,62.0,0.43356642,18.0,0.024087023
java/org/jfree/chart/labels/CrosshairLabelGenerator.java,org.jfree.chart.labels.CrosshairLabelGenerator,13.0,10.0,0.7692308,0.0,Infinity
java/org/jfree/chart/axis/TickType.java,org.jfree.chart.axis.TickType,13.0,9.0,0.6923077,0.0,Infinity
java/org/jfree/chart/entity/PieSectionEntity.java,org.jfree.chart.entity.PieSectionEntity,176.0,104.0,0.59090906,17.0,0.034759358
java/org/jfree/chart/axis/ValueTick.java,org.jfree.chart.axis.ValueTick,84.0,48.0,0.5714286,7.0,0.08163266
java/org/jfree/data/xml/PieDatasetHandler.java,org.jfree.data.xml.PieDatasetHandler,71.0,39.0,0.5492958,8.0,0.06866197
java/org/jfree/chart/entity/TitleEntity.java,org.jfree.chart.entity.TitleEntity,147.0,80.0,0.5442177,13.0,0.0418629
java/org/jfree/data/xy/DefaultOHLCDataset.java,org.jfree.data.xy.DefaultOHLCDataset,284.0,161.0,0.5669014,28.0,0.020246478
java/org/jfree/chart/renderer/OutlierList.java,org.jfree.chart.renderer.OutlierList,118.0,74.0,0.62711865,10.0,0.062711865
java/org/jfree/chart/entity/EntityCollection.java,org.jfree.chart.entity.EntityCollection,57.0,47.0,0.8245614,0.0,Infinity
java/org/jfree/data/general/KeyedValuesDataset.java,org.jfree.data.general.KeyedValuesDataset,6.0,4.0,0.6666667,0.0,Infinity
java/org/jfree/chart/internal/SerialUtils.java,org.jfree.chart.internal.SerialUtils,565.0,187.0,0.33097345,35.0,0.009456384
java/org/jfree/data/Values2D.java,org.jfree.data.Values2D,29.0,24.0,0.82758623,0.0,Infinity
java/org/jfree/data/general/DefaultKeyedValueDataset.java,org.jfree.data.general.DefaultKeyedValueDataset,138.0,67.0,0.48550725,15.0,0.03236715
java/org/jfree/chart/internal/Args.java,org.jfree.chart.internal.Args,72.0,45.0,0.625,10.0,0.0625
java/org/jfree/data/xy/XYDataItem.java,org.jfree.data.xy.XYDataItem,189.0,101.0,0.5343915,18.0,0.029688418
java/org/jfree/chart/plot/dial/StandardDialScale.java,org.jfree.chart.plot.dial.StandardDialScale,842.0,474.0,0.56294537,75.0,0.0075059384
java/org/jfree/data/general/Dataset.java,org.jfree.data.general.Dataset,21.0,17.0,0.8095238,0.0,Infinity
java/org/jfree/chart/labels/StandardCategoryItemLabelGenerator.java,org.jfree.chart.labels.StandardCategoryItemLabelGenerator,90.0,55.0,0.6111111,5.0,0.12222222
java/org/jfree/data/KeyedObjects2D.java,org.jfree.data.KeyedObjects2D,416.0,191.0,0.4591346,50.0,0.0091826925
java/org/jfree/data/xy/YIntervalDataItem.java,org.jfree.data.xy.YIntervalDataItem,63.0,31.0,0.4920635,7.0,0.07029478
java/org/jfree/chart/entity/AxisEntity.java,org.jfree.chart.entity.AxisEntity,148.0,81.0,0.5472973,13.0,0.042099793
java/org/jfree/chart/swing/editor/PaintSample.java,org.jfree.chart.swing.editor.PaintSample,68.0,34.0,0.5,4.0,0.125
java/org/jfree/chart/swing/ChartPanel.java,org.jfree.chart.swing.ChartPanel,2604.0,1262.0,0.48463902,210.0,0.0023078048
java/org/jfree/chart/renderer/category/LayeredBarRenderer.java,org.jfree.chart.renderer.category.LayeredBarRenderer,356.0,115.0,0.32303372,41.0,0.007878872
java/org/jfree/data/statistics/DefaultBoxAndWhiskerCategoryDataset.java,org.jfree.data.statistics.DefaultBoxAndWhiskerCategoryDataset,802.0,431.0,0.5374065,75.0,0.00716542
java/org/jfree/data/gantt/XYTaskDataset.java,org.jfree.data.gantt.XYTaskDataset,397.0,213.0,0.53652394,42.0,0.01277438
java/org/jfree/chart/renderer/category/StandardBarPainter.java,org.jfree.chart.renderer.category.StandardBarPainter,148.0,61.0,0.41216215,14.0,0.029440153
java/org/jfree/data/json/impl/JSONObject.java,org.jfree.data.json.impl.JSONObject,142.0,68.0,0.47887325,14.0,0.03420523
java/org/jfree/chart/plot/DefaultDrawingSupplier.java,org.jfree.chart.plot.DefaultDrawingSupplier,419.0,190.0,0.45346063,41.0,0.011060015
java/org/jfree/data/time/TimePeriodValuesCollection.java,org.jfree.data.time.TimePeriodValuesCollection,353.0,173.0,0.49008498,34.0,0.014414264
java/org/jfree/data/general/DatasetUtils.java,org.jfree.data.general.DatasetUtils,2110.0,830.0,0.39336494,220.0,0.0017880225
java/org/jfree/data/xy/XYDatasetTableModel.java,org.jfree.data.xy.XYDatasetTableModel,192.0,127.0,0.6614583,15.0,0.044097222
java/org/jfree/data/time/TimePeriodFormatException.java,org.jfree.data.time.TimePeriodFormatException,14.0,9.0,0.64285713,0.0,Infinity
java/org/jfree/chart/urls/CustomPieURLGenerator.java,org.jfree.chart.urls.CustomPieURLGenerator,158.0,78.0,0.49367088,13.0,0.03797468
java/org/jfree/chart/title/ImageTitle.java,org.jfree.chart.title.ImageTitle,262.0,121.0,0.46183205,24.0,0.019243002
java/org/jfree/chart/api/HorizontalAlignment.java,org.jfree.chart.api.HorizontalAlignment,18.0,13.0,0.7222222,0.0,Infinity
java/org/jfree/data/statistics/Regression.java,org.jfree.data.statistics.Regression,288.0,72.0,0.25,33.0,0.007575758
java/org/jfree/data/flow/NodeKey.java,org.jfree.data.flow.NodeKey,102.0,51.0,0.5,11.0,0.045454547
java/org/jfree/chart/renderer/xy/HighLowRenderer.java,org.jfree.chart.renderer.xy.HighLowRenderer,367.0,176.0,0.47956404,30.0,0.015985468
java/org/jfree/data/xy/XYSeriesCollection.java,org.jfree.data.xy.XYSeriesCollection,640.0,309.0,0.4828125,78.0,0.0061899037
java/org/jfree/data/json/impl/JSONArray.java,org.jfree.data.json.impl.JSONArray,112.0,50.0,0.44642857,13.0,0.034340657
java/org/jfree/data/general/DatasetChangeListener.java,org.jfree.data.general.DatasetChangeListener,12.0,9.0,0.75,0.0,Infinity
java/org/jfree/chart/api/PublicCloneable.java,org.jfree.chart.api.PublicCloneable,17.0,14.0,0.8235294,0.0,Infinity
java/org/jfree/chart/event/ChartProgressEvent.java,org.jfree.chart.event.ChartProgressEvent,82.0,51.0,0.6219512,6.0,0.103658535
java/org/jfree/chart/plot/XYPlot.java,org.jfree.chart.plot.XYPlot,4781.0,2292.0,0.47939762,533.0,8.994327E-4
java/org/jfree/chart/entity/TickLabelEntity.java,org.jfree.chart.entity.TickLabelEntity,20.0,14.0,0.7,0.0,Infinity
java/org/jfree/chart/internal/LineUtils.java,org.jfree.chart.internal.LineUtils,104.0,33.0,0.31730768,7.0,0.045329668
java/org/jfree/data/function/NormalDistributionFunction2D.java,org.jfree.data.function.NormalDistributionFunction2D,99.0,52.0,0.5252525,8.0,0.065656565
java/org/jfree/chart/plot/dial/DialFrame.java,org.jfree.chart.plot.dial.DialFrame,20.0,17.0,0.85,0.0,Infinity
java/org/jfree/chart/plot/SpiderWebPlot.java,org.jfree.chart.plot.SpiderWebPlot,1248.0,635.0,0.5088141,112.0,0.004542983
java/org/jfree/chart/encoders/SunPNGEncoderAdapter.java,org.jfree.chart.encoders.SunPNGEncoderAdapter,74.0,46.0,0.6216216,6.0,0.1036036
java/org/jfree/chart/block/Size2D.java,org.jfree.chart.block.Size2D,125.0,69.0,0.552,12.0,0.046
java/org/jfree/chart/renderer/xy/XYErrorRenderer.java,org.jfree.chart.renderer.xy.XYErrorRenderer,354.0,177.0,0.5,26.0,0.01923077
java/org/jfree/chart/renderer/DefaultPolarItemRenderer.java,org.jfree.chart.renderer.DefaultPolarItemRenderer,746.0,325.0,0.43565685,78.0,0.005585344
java/org/jfree/data/xy/XIntervalSeriesCollection.java,org.jfree.data.xy.XIntervalSeriesCollection,311.0,187.0,0.6012862,26.0,0.023126392
java/org/jfree/chart/ChartElementVisitor.java,org.jfree.chart.ChartElementVisitor,11.0,8.0,0.72727275,0.0,Infinity
java/org/jfree/chart/axis/DateTick.java,org.jfree.chart.axis.DateTick,76.0,44.0,0.57894737,6.0,0.096491225
java/org/jfree/data/category/IntervalCategoryDataset.java,org.jfree.data.category.IntervalCategoryDataset,50.0,44.0,0.88,0.0,Infinity
java/org/jfree/chart/renderer/RendererUtils.java,org.jfree.chart.renderer.RendererUtils,197.0,59.0,0.2994924,16.0,0.018718274
java/org/jfree/chart/swing/NumberCellRenderer.java,org.jfree.chart.swing.NumberCellRenderer,43.0,21.0,0.4883721,3.0,0.1627907
java/org/jfree/data/KeyedValues2D.java,org.jfree.data.KeyedValues2D,65.0,56.0,0.86153847,0.0,Infinity
java/org/jfree/data/time/TimeSeries.java,org.jfree.data.time.TimeSeries,1101.0,546.0,0.49591282,118.0,0.004202651
java/org/jfree/chart/text/format/HMSNumberFormat.java,org.jfree.chart.text.format.HMSNumberFormat,64.0,39.0,0.609375,3.0,0.203125
java/org/jfree/chart/util/StandardGradientPaintTransformer.java,org.jfree.chart.util.StandardGradientPaintTransformer,107.0,54.0,0.5046729,12.0,0.042056073
java/org/jfree/chart/renderer/xy/StackedXYAreaRenderer2.java,org.jfree.chart.renderer.xy.StackedXYAreaRenderer2,409.0,136.0,0.33251834,32.0,0.010391198
java/org/jfree/chart/plot/CategoryCrosshairState.java,org.jfree.chart.plot.CategoryCrosshairState,114.0,58.0,0.50877196,8.0,0.063596494
java/org/jfree/data/xy/DefaultXYZDataset.java,org.jfree.data.xy.DefaultXYZDataset,355.0,210.0,0.5915493,28.0,0.02112676
java/org/jfree/data/json/impl/JSONAware.java,org.jfree.data.json.impl.JSONAware,18.0,15.0,0.8333333,0.0,Infinity
java/org/jfree/chart/renderer/xy/ClusteredXYBarRenderer.java,org.jfree.chart.renderer.xy.ClusteredXYBarRenderer,267.0,98.0,0.3670412,27.0,0.013594119
java/org/jfree/chart/axis/DateAxis.java,org.jfree.chart.axis.DateAxis,1460.0,583.0,0.39931506,115.0,0.003472305
java/org/jfree/data/time/Millisecond.java,org.jfree.data.time.Millisecond,376.0,199.0,0.52925533,26.0,0.020355973
java/org/jfree/data/time/Day.java,org.jfree.data.time.Day,393.0,227.0,0.57760817,25.0,0.023104327
java/org/jfree/chart/plot/dial/DialBackground.java,org.jfree.chart.plot.dial.DialBackground,187.0,109.0,0.5828877,16.0,0.03643048
java/org/jfree/chart/plot/compass/PlumNeedle.java,org.jfree.chart.plot.compass.PlumNeedle,76.0,35.0,0.46052632,8.0,0.05756579
java/org/jfree/chart/entity/ChartEntity.java,org.jfree.chart.entity.ChartEntity,315.0,161.0,0.51111114,29.0,0.017624522
java/org/jfree/chart/labels/BoxAndWhiskerToolTipGenerator.java,org.jfree.chart.labels.BoxAndWhiskerToolTipGenerator,88.0,50.0,0.5681818,5.0,0.11363636
java/org/jfree/chart/labels/StandardFlowLabelGenerator.java,org.jfree.chart.labels.StandardFlowLabelGenerator,77.0,37.0,0.48051947,5.0,0.09610389
java/org/jfree/chart/swing/editor/DefaultChartEditorFactory.java,org.jfree.chart.swing.editor.DefaultChartEditorFactory,21.0,13.0,0.61904764,1.0,0.61904764
java/org/jfree/data/xy/XIntervalDataItem.java,org.jfree.data.xy.XIntervalDataItem,63.0,31.0,0.4920635,7.0,0.07029478
java/org/jfree/chart/block/CenterArrangement.java,org.jfree.chart.block.CenterArrangement,238.0,128.0,0.53781515,21.0,0.025610246
java/org/jfree/chart/util/ExportUtils.java,org.jfree.chart.util.ExportUtils,145.0,64.0,0.4413793,8.0,0.055172414
java/org/jfree/chart/legend/LegendItem.java,org.jfree.chart.legend.LegendItem,932.0,547.0,0.5869099,73.0,0.008039862
java/org/jfree/chart/axis/CategoryLabelPositions.java,org.jfree.chart.axis.CategoryLabelPositions,245.0,146.0,0.59591836,19.0,0.031364124
java/org/jfree/chart/labels/FlowLabelGenerator.java,org.jfree.chart.labels.FlowLabelGenerator,16.0,13.0,0.8125,0.0,Infinity
java/org/jfree/chart/block/EmptyBlock.java,org.jfree.chart.block.EmptyBlock,71.0,45.0,0.63380283,4.0,0.15845071
java/org/jfree/chart/block/ColorBlock.java,org.jfree.chart.block.ColorBlock,131.0,72.0,0.5496183,11.0,0.0499653
java/org/jfree/data/gantt/TaskSeries.java,org.jfree.data.gantt.TaskSeries,143.0,72.0,0.5034965,16.0,0.031468533
java/org/jfree/chart/swing/ChartFrame.java,org.jfree.chart.swing.ChartFrame,44.0,25.0,0.5681818,1.0,0.5681818
java/org/jfree/chart/imagemap/ToolTipTagFragmentGenerator.java,org.jfree.chart.imagemap.ToolTipTagFragmentGenerator,21.0,18.0,0.85714287,0.0,Infinity
java/org/jfree/chart/axis/AxisState.java,org.jfree.chart.axis.AxisState,141.0,80.0,0.5673759,15.0,0.03782506
java/org/jfree/data/flow/FlowDataset.java,org.jfree.data.flow.FlowDataset,84.0,74.0,0.88095236,0.0,Infinity
java/org/jfree/chart/api/VerticalAlignment.java,org.jfree.chart.api.VerticalAlignment,18.0,13.0,0.7222222,0.0,Infinity
java/org/jfree/chart/event/ChartChangeEventType.java,org.jfree.chart.event.ChartChangeEventType,17.0,12.0,0.7058824,0.0,Infinity
java/org/jfree/chart/ChartTransferable.java,org.jfree.chart.ChartTransferable,183.0,103.0,0.56284153,10.0,0.056284152
java/org/jfree/chart/renderer/category/GradientBarPainter.java,org.jfree.chart.renderer.category.GradientBarPainter,268.0,97.0,0.3619403,23.0,0.015736535
java/org/jfree/chart/plot/compass/ShipNeedle.java,org.jfree.chart.plot.compass.ShipNeedle,75.0,36.0,0.48,8.0,0.06
java/org/jfree/data/xy/NormalizedMatrixSeries.java,org.jfree.data.xy.NormalizedMatrixSeries,99.0,65.0,0.65656567,5.0,0.13131313
java/org/jfree/chart/util/GradientPaintTransformType.java,org.jfree.chart.util.GradientPaintTransformType,21.0,15.0,0.71428573,0.0,Infinity
java/org/jfree/data/function/Function2D.java,org.jfree.data.function.Function2D,13.0,10.0,0.7692308,0.0,Infinity
java/org/jfree/chart/plot/PlotRenderingInfo.java,org.jfree.chart.plot.PlotRenderingInfo,221.0,120.0,0.54298645,24.0,0.022624435
java/org/jfree/chart/entity/JFreeChartEntity.java,org.jfree.chart.entity.JFreeChartEntity,147.0,80.0,0.5442177,13.0,0.0418629
java/org/jfree/chart/text/format/RelativeDateFormat.java,org.jfree.chart.text.format.RelativeDateFormat,451.0,239.0,0.52993345,43.0,0.012324034
java/org/jfree/data/xy/XYItemKey.java,org.jfree.data.xy.XYItemKey,101.0,37.0,0.36633664,12.0,0.030528054
java/org/jfree/data/time/RegularTimePeriod.java,org.jfree.data.time.RegularTimePeriod,306.0,216.0,0.7058824,22.0,0.032085564
java/org/jfree/data/xy/DefaultXYDataset.java,org.jfree.data.xy.DefaultXYDataset,311.0,177.0,0.56913185,28.0,0.020326138
java/org/jfree/chart/block/LabelBlock.java,org.jfree.chart.block.LabelBlock,334.0,183.0,0.5479042,29.0,0.018893247
java/org/jfree/chart/block/BorderArrangement.java,org.jfree.chart.block.BorderArrangement,418.0,107.0,0.25598085,61.0,0.0041964073
java/org/jfree/chart/renderer/xy/XYSplineRenderer.java,org.jfree.chart.renderer.xy.XYSplineRenderer,395.0,185.0,0.46835443,20.0,0.023417722
java/org/jfree/chart/text/TextBox.java,org.jfree.chart.text.TextBox,337.0,165.0,0.48961425,35.0,0.013988978
java/org/jfree/chart/plot/RingPlot.java,org.jfree.chart.plot.RingPlot,559.0,279.0,0.49910554,45.0,0.011091234
java/org/jfree/chart/plot/ThermometerPlot.java,org.jfree.chart.plot.ThermometerPlot,1392.0,728.0,0.5229885,127.0,0.0041180197
java/org/jfree/data/time/TimeSeriesDataItem.java,org.jfree.data.time.TimeSeriesDataItem,155.0,95.0,0.61290324,11.0,0.055718478
java/org/jfree/chart/block/BlockResult.java,org.jfree.chart.block.BlockResult,33.0,20.0,0.6060606,2.0,0.3030303
java/org/jfree/data/Value.java,org.jfree.data.Value,11.0,8.0,0.72727275,0.0,Infinity
java/org/jfree/chart/renderer/category/ScatterRenderer.java,org.jfree.chart.renderer.category.ScatterRenderer,449.0,229.0,0.5100223,45.0,0.011333829
java/org/jfree/chart/labels/PieSectionLabelGenerator.java,org.jfree.chart.labels.PieSectionLabelGenerator,43.0,39.0,0.90697676,0.0,Infinity
java/org/jfree/chart/axis/AxisSpace.java,org.jfree.chart.axis.AxisSpace,277.0,128.0,0.46209386,38.0,0.012160365
java/org/jfree/chart/renderer/xy/VectorRenderer.java,org.jfree.chart.renderer.xy.VectorRenderer,250.0,77.0,0.308,22.0,0.0139999995
java/org/jfree/data/statistics/BoxAndWhiskerItem.java,org.jfree.data.statistics.BoxAndWhiskerItem,235.0,123.0,0.52340424,24.0,0.02180851
java/org/jfree/chart/urls/StandardPieURLGenerator.java,org.jfree.chart.urls.StandardPieURLGenerator,114.0,55.0,0.48245615,7.0,0.0689223
java/org/jfree/chart/urls/StandardXYURLGenerator.java,org.jfree.chart.urls.StandardXYURLGenerator,112.0,61.0,0.54464287,7.0,0.07780612
java/org/jfree/chart/renderer/category/BarPainter.java,org.jfree.chart.renderer.category.BarPainter,38.0,34.0,0.8947368,0.0,Infinity
java/org/jfree/chart/annotations/TextAnnotation.java,org.jfree.chart.annotations.TextAnnotation,285.0,165.0,0.57894737,24.0,0.024122806
java/org/jfree/data/KeyedObject.java,org.jfree.data.KeyedObject,101.0,50.0,0.4950495,11.0,0.045004502
java/org/jfree/chart/plot/Crosshair.java,org.jfree.chart.plot.Crosshair,634.0,360.0,0.56782335,54.0,0.0105152475
java/org/jfree/chart/annotations/XYPolygonAnnotation.java,org.jfree.chart.annotations.XYPolygonAnnotation,253.0,125.0,0.49407116,23.0,0.021481354
java/org/jfree/data/resources/DataPackageResources_es.java,org.jfree.data.resources.DataPackageResources_es,18.0,11.0,0.6111111,1.0,0.6111111
java/org/jfree/chart/annotations/XYDrawableAnnotation.java,org.jfree.chart.annotations.XYDrawableAnnotation,219.0,107.0,0.4885845,19.0,0.025714973
java/org/jfree/chart/plot/CrosshairState.java,org.jfree.chart.plot.CrosshairState,293.0,190.0,0.64846414,22.0,0.029475642
java/org/jfree/chart/event/ChartProgressEventType.java,org.jfree.chart.event.ChartProgressEventType,13.0,9.0,0.6923077,0.0,Infinity
java/org/jfree/chart/plot/compass/WindNeedle.java,org.jfree.chart.plot.compass.WindNeedle,67.0,31.0,0.46268657,7.0,0.06609808
java/org/jfree/data/statistics/DefaultBoxAndWhiskerXYDataset.java,org.jfree.data.statistics.DefaultBoxAndWhiskerXYDataset,478.0,260.0,0.54393303,48.0,0.011331938
java/org/jfree/chart/axis/StandardTickUnitSource.java,org.jfree.chart.axis.StandardTickUnitSource,81.0,47.0,0.5802469,6.0,0.09670782
java/org/jfree/chart/renderer/xy/XYStepAreaRenderer.java,org.jfree.chart.renderer.xy.XYStepAreaRenderer,491.0,252.0,0.5132383,36.0,0.01425662
java/org/jfree/chart/ChartTheme.java,org.jfree.chart.ChartTheme,15.0,12.0,0.8,0.0,Infinity
java/org/jfree/chart/event/ChartChangeListener.java,org.jfree.chart.event.ChartChangeListener,15.0,12.0,0.8,0.0,Infinity
java/org/jfree/data/time/TimePeriodAnchor.java,org.jfree.data.time.TimePeriodAnchor,18.0,13.0,0.7222222,0.0,Infinity
java/org/jfree/chart/swing/editor/DefaultNumberAxisEditor.java,org.jfree.chart.swing.editor.DefaultNumberAxisEditor,95.0,19.0,0.2,11.0,0.018181818
java/org/jfree/chart/renderer/xy/CyclicXYItemRenderer.java,org.jfree.chart.renderer.xy.CyclicXYItemRenderer,382.0,159.0,0.41623038,14.0,0.029730741
java/org/jfree/chart/StandardChartTheme.java,org.jfree.chart.StandardChartTheme,1558.0,712.0,0.45699614,182.0,0.002510968
java/org/jfree/data/general/HeatMapDataset.java,org.jfree.data.general.HeatMapDataset,101.0,89.0,0.8811881,0.0,Infinity
java/org/jfree/chart/encoders/ImageEncoder.java,org.jfree.chart.encoders.ImageEncoder,50.0,42.0,0.84,0.0,Infinity
java/org/jfree/data/UnknownKeyException.java,org.jfree.data.UnknownKeyException,13.0,8.0,0.61538464,0.0,Infinity
java/org/jfree/chart/imagemap/ImageMapUtils.java,org.jfree.chart.imagemap.ImageMapUtils,164.0,80.0,0.4878049,20.0,0.024390245
java/org/jfree/data/xy/YInterval.java,org.jfree.data.xy.YInterval,81.0,42.0,0.5185185,9.0,0.057613168
java/org/jfree/chart/urls/PieURLGenerator.java,org.jfree.chart.urls.PieURLGenerator,27.0,24.0,0.8888889,0.0,Infinity
java/org/jfree/data/xy/XYIntervalSeries.java,org.jfree.data.xy.XYIntervalSeries,147.0,105.0,0.71428573,9.0,0.07936508
java/org/jfree/data/xy/YIntervalSeriesCollection.java,org.jfree.data.xy.YIntervalSeriesCollection,276.0,166.0,0.60144925,23.0,0.026149968
java/org/jfree/chart/renderer/NotOutlierException.java,org.jfree.chart.renderer.NotOutlierException,14.0,9.0,0.64285713,0.0,Infinity
java/org/jfree/chart/swing/CrosshairOverlay.java,org.jfree.chart.swing.CrosshairOverlay,468.0,142.0,0.30341882,68.0,0.0044620414
java/org/jfree/data/time/TimeSeriesTableModel.java,org.jfree.data.time.TimeSeriesTableModel,194.0,86.0,0.44329897,19.0,0.023331525
java/org/jfree/chart/plot/dial/DialTextAnnotation.java,org.jfree.chart.plot.dial.DialTextAnnotation,313.0,179.0,0.571885,28.0,0.020424465
java/org/jfree/chart/plot/CombinedDomainCategoryPlot.java,org.jfree.chart.plot.CombinedDomainCategoryPlot,536.0,227.0,0.42350745,61.0,0.0069427453
java/org/jfree/chart/ChartUtils.java,org.jfree.chart.ChartUtils,512.0,358.0,0.69921875,32.0,0.021850586
java/org/jfree/data/DomainOrder.java,org.jfree.data.DomainOrder,17.0,12.0,0.7058824,0.0,Infinity
java/org/jfree/data/flow/FlowDatasetUtils.java,org.jfree.data.flow.FlowDatasetUtils,160.0,70.0,0.4375,25.0,0.0175
java/org/jfree/data/resources/DataPackageResources.java,org.jfree.data.resources.DataPackageResources,18.0,11.0,0.6111111,1.0,0.6111111
java/org/jfree/chart/renderer/xy/XYShapeRenderer.java,org.jfree.chart.renderer.xy.XYShapeRenderer,491.0,268.0,0.5458248,44.0,0.01240511
java/org/jfree/chart/renderer/xy/XYAreaRenderer.java,org.jfree.chart.renderer.xy.XYAreaRenderer,572.0,247.0,0.4318182,40.0,0.0107954545
java/org/jfree/chart/plot/CenterTextMode.java,org.jfree.chart.plot.CenterTextMode,17.0,12.0,0.7058824,0.0,Infinity
java/org/jfree/chart/labels/PieToolTipGenerator.java,org.jfree.chart.labels.PieToolTipGenerator,17.0,14.0,0.8235294,0.0,Infinity
java/org/jfree/chart/plot/pie/AbstractPieLabelDistributor.java,org.jfree.chart.plot.pie.AbstractPieLabelDistributor,59.0,39.0,0.66101694,4.0,0.16525424
java/org/jfree/data/xy/IntervalXYDelegate.java,org.jfree.data.xy.IntervalXYDelegate,386.0,223.0,0.5777202,37.0,0.01561406
java/org/jfree/data/ItemKey.java,org.jfree.data.ItemKey,11.0,8.0,0.72727275,0.0,Infinity
java/org/jfree/chart/util/ShadowGenerator.java,org.jfree.chart.util.ShadowGenerator,31.0,26.0,0.83870965,0.0,Infinity
java/org/jfree/data/DefaultKeyedValues.java,org.jfree.data.DefaultKeyedValues,365.0,181.0,0.4958904,40.0,0.01239726
java/org/jfree/chart/renderer/RendererState.java,org.jfree.chart.renderer.RendererState,66.0,39.0,0.59090906,5.0,0.11818181
java/org/jfree/chart/swing/editor/ChartEditor.java,org.jfree.chart.swing.editor.ChartEditor,14.0,11.0,0.78571427,0.0,Infinity
java/org/jfree/chart/plot/MeterInterval.java,org.jfree.chart.plot.MeterInterval,159.0,86.0,0.5408805,15.0,0.0360587
java/org/jfree/chart/plot/compass/PointerNeedle.java,org.jfree.chart.plot.compass.PointerNeedle,98.0,36.0,0.36734694,11.0,0.033395175
java/org/jfree/data/statistics/MultiValueCategoryDataset.java,org.jfree.data.statistics.MultiValueCategoryDataset,27.0,23.0,0.8518519,0.0,Infinity
java/org/jfree/chart/swing/editor/DefaultPolarPlotEditor.java,org.jfree.chart.swing.editor.DefaultPolarPlotEditor,138.0,50.0,0.36231884,13.0,0.027870681
java/org/jfree/data/general/WaferMapDataset.java,org.jfree.data.general.WaferMapDataset,245.0,141.0,0.5755102,26.0,0.022135008
java/org/jfree/data/resources/DataPackageResources_ru.java,org.jfree.data.resources.DataPackageResources_ru,18.0,11.0,0.6111111,1.0,0.6111111
java/org/jfree/chart/internal/ArrayUtils.java,org.jfree.chart.internal.ArrayUtils,145.0,48.0,0.33103448,27.0,0.012260537
java/org/jfree/data/statistics/SimpleHistogramBin.java,org.jfree.data.statistics.SimpleHistogramBin,220.0,97.0,0.4409091,30.0,0.01469697
java/org/jfree/chart/text/TextAnchor.java,org.jfree.chart.text.TextAnchor,138.0,97.0,0.70289856,8.0,0.08786232
java/org/jfree/chart/urls/CustomCategoryURLGenerator.java,org.jfree.chart.urls.CustomCategoryURLGenerator,138.0,58.0,0.42028984,18.0,0.023349436
java/org/jfree/chart/internal/CloneUtils.java,org.jfree.chart.internal.CloneUtils,128.0,50.0,0.390625,11.0,0.035511363
java/org/jfree/chart/renderer/xy/CandlestickRenderer.java,org.jfree.chart.renderer.xy.CandlestickRenderer,733.0,374.0,0.5102319,66.0,0.0077307867
java/org/jfree/chart/renderer/category/GroupedStackedBarRenderer.java,org.jfree.chart.renderer.category.GroupedStackedBarRenderer,242.0,83.0,0.3429752,22.0,0.015589782
java/org/jfree/chart/axis/PeriodAxis.java,org.jfree.chart.axis.PeriodAxis,957.0,410.0,0.42842215,97.0,0.0044167233
java/org/jfree/chart/axis/ExtendedCategoryAxis.java,org.jfree.chart.axis.ExtendedCategoryAxis,179.0,97.0,0.54189944,16.0,0.033868715
java/org/jfree/data/statistics/DefaultMultiValueCategoryDataset.java,org.jfree.data.statistics.DefaultMultiValueCategoryDataset,324.0,149.0,0.45987654,31.0,0.014834727
java/org/jfree/chart/legend/LegendTitle.java,org.jfree.chart.legend.LegendTitle,556.0,259.0,0.46582735,57.0,0.00817241
java/org/jfree/chart/axis/NumberTick.java,org.jfree.chart.axis.NumberTick,46.0,32.0,0.6956522,1.0,0.6956522
java/org/jfree/chart/event/AnnotationChangeEvent.java,org.jfree.chart.event.AnnotationChangeEvent,30.0,19.0,0.6333333,1.0,0.6333333
java/org/jfree/data/xy/MatrixSeries.java,org.jfree.data.xy.MatrixSeries,164.0,93.0,0.56707317,19.0,0.029845957
java/org/jfree/data/statistics/MeanAndStandardDeviation.java,org.jfree.data.statistics.MeanAndStandardDeviation,130.0,70.0,0.53846157,13.0,0.04142012
java/org/jfree/chart/renderer/xy/XYItemRenderer.java,org.jfree.chart.renderer.xy.XYItemRenderer,1254.0,1120.0,0.8931419,0.0,Infinity
java/org/jfree/chart/text/TextUtils.java,org.jfree.chart.text.TextUtils,613.0,280.0,0.45676997,69.0,0.006619855
java/org/jfree/chart/labels/XYZToolTipGenerator.java,org.jfree.chart.labels.XYZToolTipGenerator,16.0,13.0,0.8125,0.0,Infinity
java/org/jfree/chart/swing/OverlayChangeListener.java,org.jfree.chart.swing.OverlayChangeListener,11.0,8.0,0.72727275,0.0,Infinity
java/org/jfree/chart/ChartRenderingInfo.java,org.jfree.chart.ChartRenderingInfo,189.0,105.0,0.5555556,19.0,0.029239768
java/org/jfree/chart/plot/compass/LongNeedle.java,org.jfree.chart.plot.compass.LongNeedle,119.0,40.0,0.33613446,11.0,0.030557679
java/org/jfree/chart/ChartFactory.java,org.jfree.chart.ChartFactory,1534.0,835.0,0.5443286,117.0,0.004652381
java/org/jfree/data/xy/XYIntervalSeriesCollection.java,org.jfree.data.xy.XYIntervalSeriesCollection,312.0,192.0,0.61538464,26.0,0.02366864
java/org/jfree/chart/swing/editor/StrokeChooserPanel.java,org.jfree.chart.swing.editor.StrokeChooserPanel,51.0,28.0,0.54901963,2.0,0.27450982
java/org/jfree/chart/axis/Axis.java,org.jfree.chart.axis.Axis,1443.0,776.0,0.53776854,149.0,0.0036091849
java/org/jfree/chart/plot/PlotState.java,org.jfree.chart.plot.PlotState,23.0,14.0,0.6086956,1.0,0.6086956
java/org/jfree/chart/labels/StandardCategorySeriesLabelGenerator.java,org.jfree.chart.labels.StandardCategorySeriesLabelGenerator,105.0,58.0,0.552381,8.0,0.06904762
java/org/jfree/chart/axis/ModuloAxis.java,org.jfree.chart.axis.ModuloAxis,326.0,152.0,0.46625766,39.0,0.011955325
java/org/jfree/chart/plot/dial/DialPlot.java,org.jfree.chart.plot.dial.DialPlot,692.0,346.0,0.5,72.0,0.0069444445
java/org/jfree/chart/renderer/category/IntervalBarRenderer.java,org.jfree.chart.renderer.category.IntervalBarRenderer,156.0,68.0,0.43589744,18.0,0.024216525
java/org/jfree/chart/plot/XYCrosshairState.java,org.jfree.chart.plot.XYCrosshairState,11.0,7.0,0.6363636,0.0,Infinity
java/org/jfree/data/gantt/TaskSeriesCollection.java,org.jfree.data.gantt.TaskSeriesCollection,590.0,288.0,0.4881356,58.0,0.008416131
java/org/jfree/chart/event/RendererChangeListener.java,org.jfree.chart.event.RendererChangeListener,12.0,9.0,0.75,0.0,Infinity
java/org/jfree/chart/renderer/GrayPaintScale.java,org.jfree.chart.renderer.GrayPaintScale,162.0,90.0,0.5555556,12.0,0.0462963
java/org/jfree/chart/axis/AxisLabelLocation.java,org.jfree.chart.axis.AxisLabelLocation,17.0,12.0,0.7058824,0.0,Infinity
java/org/jfree/chart/swing/editor/DefaultAxisEditor.java,org.jfree.chart.swing.editor.DefaultAxisEditor,376.0,210.0,0.55851066,23.0,0.024283072
java/org/jfree/chart/text/TextFragment.java,org.jfree.chart.text.TextFragment,231.0,127.0,0.5497835,18.0,0.030543528
java/org/jfree/data/xy/VectorXYDataset.java,org.jfree.data.xy.VectorXYDataset,37.0,32.0,0.8648649,0.0,Infinity
java/org/jfree/chart/util/GradientPaintTransformer.java,org.jfree.chart.util.GradientPaintTransformer,17.0,14.0,0.8235294,0.0,Infinity
java/org/jfree/data/category/DefaultCategoryDataset.java,org.jfree.data.category.DefaultCategoryDataset,358.0,223.0,0.622905,33.0,0.01887591
java/org/jfree/chart/labels/CustomXYToolTipGenerator.java,org.jfree.chart.labels.CustomXYToolTipGenerator,129.0,61.0,0.4728682,12.0,0.039405685
java/org/jfree/data/xml/DatasetReader.java,org.jfree.data.xml.DatasetReader,107.0,56.0,0.5233645,7.0,0.07476635
java/org/jfree/data/time/ohlc/OHLCSeries.java,org.jfree.data.time.ohlc.OHLCSeries,84.0,54.0,0.64285713,6.0,0.10714286
java/org/jfree/chart/renderer/PolarItemRenderer.java,org.jfree.chart.renderer.PolarItemRenderer,129.0,112.0,0.86821705,0.0,Infinity
java/org/jfree/chart/api/RectangleAlignment.java,org.jfree.chart.api.RectangleAlignment,122.0,45.0,0.36885247,13.0,0.028373268
java/org/jfree/chart/axis/CompassFormat.java,org.jfree.chart.axis.CompassFormat,95.0,58.0,0.6105263,5.0,0.12210526
java/org/jfree/data/json/impl/JSONValue.java,org.jfree.data.json.impl.JSONValue,280.0,137.0,0.4892857,34.0,0.014390756
java/org/jfree/data/time/ohlc/OHLC.java,org.jfree.data.time.ohlc.OHLC,114.0,58.0,0.50877196,12.0,0.042397663
java/org/jfree/data/xy/YIntervalSeries.java,org.jfree.data.xy.YIntervalSeries,117.0,83.0,0.7094017,7.0,0.1013431
java/org/jfree/chart/renderer/xy/XYDifferenceRenderer.java,org.jfree.chart.renderer.xy.XYDifferenceRenderer,893.0,325.0,0.36394176,70.0,0.005199168
java/org/jfree/chart/labels/AbstractPieItemLabelGenerator.java,org.jfree.chart.labels.AbstractPieItemLabelGenerator,174.0,83.0,0.4770115,18.0,0.026500639
java/org/jfree/chart/plot/ValueMarker.java,org.jfree.chart.plot.ValueMarker,97.0,59.0,0.6082474,7.0,0.086892486
java/org/jfree/chart/ChartElement.java,org.jfree.chart.ChartElement,12.0,9.0,0.75,0.0,Infinity
java/org/jfree/chart/entity/XYItemEntity.java,org.jfree.chart.entity.XYItemEntity,120.0,69.0,0.575,10.0,0.057499997
java/org/jfree/chart/labels/IntervalXYToolTipGenerator.java,org.jfree.chart.labels.IntervalXYToolTipGenerator,188.0,86.0,0.4574468,16.0,0.028590426
java/org/jfree/chart/encoders/EncoderUtil.java,org.jfree.chart.encoders.EncoderUtil,119.0,85.0,0.71428573,8.0,0.08928572
java/org/jfree/chart/internal/PaintUtils.java,org.jfree.chart.internal.PaintUtils,135.0,50.0,0.37037036,15.0,0.024691356
java/org/jfree/chart/labels/XYToolTipGenerator.java,org.jfree.chart.labels.XYToolTipGenerator,16.0,13.0,0.8125,0.0,Infinity
java/org/jfree/chart/axis/LogTick.java,org.jfree.chart.axis.LogTick,31.0,21.0,0.67741936,1.0,0.67741936
java/org/jfree/chart/api/TableOrder.java,org.jfree.chart.api.TableOrder,13.0,9.0,0.6923077,0.0,Infinity
java/org/jfree/chart/plot/flow/FlowPlot.java,org.jfree.chart.plot.flow.FlowPlot,693.0,279.0,0.4025974,73.0,0.005515033
java/org/jfree/data/xy/XisSymbolic.java,org.jfree.data.xy.XisSymbolic,30.0,25.0,0.8333333,0.0,Infinity
java/org/jfree/chart/axis/DateTickUnitType.java,org.jfree.chart.axis.DateTickUnitType,53.0,37.0,0.6981132,1.0,0.6981132
java/org/jfree/chart/labels/StandardCrosshairLabelGenerator.java,org.jfree.chart.labels.StandardCrosshairLabelGenerator,96.0,49.0,0.5104167,9.0,0.056712966
java/org/jfree/data/time/Week.java,org.jfree.data.time.Week,541.0,272.0,0.5027726,34.0,0.01478743
java/org/jfree/chart/plot/dial/ArcDialFrame.java,org.jfree.chart.plot.dial.ArcDialFrame,401.0,210.0,0.52369076,34.0,0.015402669
java/org/jfree/data/io/CSV.java,org.jfree.data.io.CSV,136.0,60.0,0.44117647,12.0,0.036764707
java/org/jfree/chart/urls/StandardCategoryURLGenerator.java,org.jfree.chart.urls.StandardCategoryURLGenerator,134.0,66.0,0.49253732,9.0,0.05472637
java/org/jfree/chart/util/DirectionalGradientPaintTransformer.java,org.jfree.chart.util.DirectionalGradientPaintTransformer,79.0,42.0,0.5316456,2.0,0.2658228
java/org/jfree/data/gantt/SlidingGanttCategoryDataset.java,org.jfree.data.gantt.SlidingGanttCategoryDataset,544.0,302.0,0.55514705,60.0,0.00925245
java/org/jfree/chart/labels/IntervalCategoryToolTipGenerator.java,org.jfree.chart.labels.IntervalCategoryToolTipGenerator,98.0,46.0,0.46938777,8.0,0.05867347
java/org/jfree/chart/renderer/category/StatisticalBarRenderer.java,org.jfree.chart.renderer.category.StatisticalBarRenderer,404.0,152.0,0.37623763,39.0,0.009647119
java/org/jfree/chart/plot/pie/PiePlot.java,org.jfree.chart.plot.pie.PiePlot,2789.0,1413.0,0.5066332,239.0,0.0021198043
java/org/jfree/chart/imagemap/OverLIBToolTipTagFragmentGenerator.java,org.jfree.chart.imagemap.OverLIBToolTipTagFragmentGenerator,23.0,14.0,0.6086956,1.0,0.6086956
java/org/jfree/chart/renderer/xy/XYAreaRenderer2.java,org.jfree.chart.renderer.xy.XYAreaRenderer2,303.0,125.0,0.41254124,22.0,0.018751875
java/org/jfree/chart/plot/compass/PinNeedle.java,org.jfree.chart.plot.compass.PinNeedle,86.0,37.0,0.43023255,9.0,0.047803618
java/org/jfree/data/general/SeriesChangeEvent.java,org.jfree.data.general.SeriesChangeEvent,17.0,11.0,0.64705884,0.0,Infinity
java/org/jfree/chart/labels/StandardXYSeriesLabelGenerator.java,org.jfree.chart.labels.StandardXYSeriesLabelGenerator,111.0,64.0,0.5765766,8.0,0.072072074
java/org/jfree/chart/event/AxisChangeEvent.java,org.jfree.chart.event.AxisChangeEvent,28.0,18.0,0.64285713,1.0,0.64285713
java/org/jfree/chart/renderer/LookupPaintScale.java,org.jfree.chart.renderer.LookupPaintScale,305.0,146.0,0.47868854,23.0,0.020812545
java/org/jfree/data/xy/OHLCDataItem.java,org.jfree.data.xy.OHLCDataItem,155.0,84.0,0.5419355,16.0,0.03387097
java/org/jfree/data/time/DateRange.java,org.jfree.data.time.DateRange,112.0,74.0,0.66071427,5.0,0.13214286
java/org/jfree/data/DomainInfo.java,org.jfree.data.DomainInfo,38.0,33.0,0.8684211,0.0,Infinity
java/org/jfree/chart/api/Rotation.java,org.jfree.chart.api.Rotation,36.0,25.0,0.6944444,1.0,0.6944444
java/org/jfree/data/xy/XYBarDataset.java,org.jfree.data.xy.XYBarDataset,318.0,199.0,0.6257862,28.0,0.022349507
java/org/jfree/chart/plot/dial/DialValueIndicator.java,org.jfree.chart.plot.dial.DialValueIndicator,646.0,358.0,0.55417955,58.0,0.00955482
java/org/jfree/chart/swing/editor/FontChooserPanel.java,org.jfree.chart.swing.editor.FontChooserPanel,143.0,54.0,0.37762237,14.0,0.026973026
java/org/jfree/chart/renderer/xy/XYLineAndShapeRenderer.java,org.jfree.chart.renderer.xy.XYLineAndShapeRenderer,980.0,537.0,0.5479592,84.0,0.0065233237
java/org/jfree/chart/swing/ChartMouseListener.java,org.jfree.chart.swing.ChartMouseListener,21.0,17.0,0.8095238,0.0,Infinity
java/org/jfree/chart/axis/TickUnits.java,org.jfree.chart.axis.TickUnits,134.0,73.0,0.54477614,13.0,0.041905858
java/org/jfree/chart/title/ShortTextTitle.java,org.jfree.chart.title.ShortTextTitle,162.0,69.0,0.42592594,14.0,0.030423282
java/org/jfree/chart/block/BlockFrame.java,org.jfree.chart.block.BlockFrame,20.0,16.0,0.8,0.0,Infinity
java/org/jfree/chart/annotations/CategoryPointerAnnotation.java,org.jfree.chart.annotations.CategoryPointerAnnotation,429.0,232.0,0.5407925,34.0,0.015905663
java/org/jfree/chart/labels/IntervalXYItemLabelGenerator.java,org.jfree.chart.labels.IntervalXYItemLabelGenerator,188.0,86.0,0.4574468,16.0,0.028590426
java/org/jfree/data/xml/CategorySeriesHandler.java,org.jfree.data.xml.CategorySeriesHandler,86.0,45.0,0.5232558,7.0,0.07475083
java/org/jfree/chart/renderer/OutlierListCollection.java,org.jfree.chart.renderer.OutlierListCollection,119.0,74.0,0.62184876,11.0,0.056531705
java/org/jfree/data/gantt/Task.java,org.jfree.data.gantt.Task,195.0,106.0,0.5435898,20.0,0.027179489
java/org/jfree/data/xy/XYCoordinate.java,org.jfree.data.xy.XYCoordinate,119.0,53.0,0.44537815,15.0,0.029691877
java/org/jfree/chart/plot/dial/DialLayer.java,org.jfree.chart.plot.dial.DialLayer,61.0,53.0,0.86885244,0.0,Infinity
java/org/jfree/chart/axis/CategoryAxis.java,org.jfree.chart.axis.CategoryAxis,1154.0,555.0,0.48093587,115.0,0.004182051
java/org/jfree/chart/urls/XYZURLGenerator.java,org.jfree.chart.urls.XYZURLGenerator,19.0,16.0,0.84210527,0.0,Infinity
java/org/jfree/chart/title/TextTitle.java,org.jfree.chart.title.TextTitle,699.0,318.0,0.4549356,71.0,0.006407544
java/org/jfree/chart/plot/pie/PieLabelLinkStyle.java,org.jfree.chart.plot.pie.PieLabelLinkStyle,18.0,13.0,0.7222222,0.0,Infinity
java/org/jfree/chart/annotations/CategoryLineAnnotation.java,org.jfree.chart.annotations.CategoryLineAnnotation,327.0,171.0,0.5229358,28.0,0.01867628
java/org/jfree/chart/swing/Overlay.java,org.jfree.chart.swing.Overlay,41.0,36.0,0.8780488,0.0,Infinity
java/org/jfree/data/general/DefaultKeyedValues2DDataset.java,org.jfree.data.general.DefaultKeyedValues2DDataset,13.0,10.0,0.7692308,0.0,Infinity
java/org/jfree/chart/plot/SeriesRenderingOrder.java,org.jfree.chart.plot.SeriesRenderingOrder,16.0,12.0,0.75,0.0,Infinity
java/org/jfree/data/xy/DefaultTableXYDataset.java,org.jfree.data.xy.DefaultTableXYDataset,529.0,260.0,0.49149337,60.0,0.008191557
java/org/jfree/data/general/PieDataset.java,org.jfree.data.general.PieDataset,10.0,8.0,0.8,0.0,Infinity
java/org/jfree/data/function/LineFunction2D.java,org.jfree.data.function.LineFunction2D,87.0,48.0,0.55172414,8.0,0.06896552
java/org/jfree/chart/labels/HighLowItemLabelGenerator.java,org.jfree.chart.labels.HighLowItemLabelGenerator,156.0,64.0,0.41025642,13.0,0.031558186
java/org/jfree/chart/swing/DefaultSelectionZoomStrategy.java,org.jfree.chart.swing.DefaultSelectionZoomStrategy,178.0,49.0,0.2752809,23.0,0.011968735
java/org/jfree/chart/util/PaintAlpha.java,org.jfree.chart.util.PaintAlpha,310.0,191.0,0.61612904,22.0,0.028005866
java/org/jfree/chart/axis/NumberTickUnit.java,org.jfree.chart.axis.NumberTickUnit,101.0,53.0,0.5247525,8.0,0.06559406
java/org/jfree/chart/renderer/category/BoxAndWhiskerRenderer.java,org.jfree.chart.renderer.category.BoxAndWhiskerRenderer,866.0,385.0,0.44457275,73.0,0.0060900375
java/org/jfree/chart/plot/compass/MeterNeedle.java,org.jfree.chart.plot.compass.MeterNeedle,334.0,178.0,0.5329341,38.0,0.014024583
java/org/jfree/chart/annotations/XYAnnotation.java,org.jfree.chart.annotations.XYAnnotation,21.0,18.0,0.85714287,0.0,Infinity
java/org/jfree/data/xy/XYRangeInfo.java,org.jfree.data.xy.XYRangeInfo,18.0,15.0,0.8333333,0.0,Infinity
java/org/jfree/chart/api/RectangleEdge.java,org.jfree.chart.api.RectangleEdge,86.0,46.0,0.53488374,12.0,0.044573646
java/org/jfree/chart/annotations/XYImageAnnotation.java,org.jfree.chart.annotations.XYImageAnnotation,214.0,110.0,0.5140187,20.0,0.025700936
java/org/jfree/chart/renderer/xy/GradientXYBarPainter.java,org.jfree.chart.renderer.xy.GradientXYBarPainter,267.0,96.0,0.35955057,23.0,0.015632633
java/org/jfree/chart/date/MonthConstants.java,org.jfree.chart.date.MonthConstants,53.0,39.0,0.7358491,0.0,Infinity
java/org/jfree/data/category/CategoryDataset.java,org.jfree.data.category.CategoryDataset,10.0,8.0,0.8,0.0,Infinity
java/org/jfree/chart/block/BlockContainer.java,org.jfree.chart.block.BlockContainer,210.0,99.0,0.47142857,22.0,0.021428572
java/org/jfree/chart/ChartHints.java,org.jfree.chart.ChartHints,55.0,33.0,0.6,0.0,Infinity
java/org/jfree/data/xy/XYDomainInfo.java,org.jfree.data.xy.XYDomainInfo,17.0,14.0,0.8235294,0.0,Infinity
java/org/jfree/chart/legend/LegendItemBlockContainer.java,org.jfree.chart.legend.LegendItemBlockContainer,128.0,74.0,0.578125,9.0,0.06423611
java/org/jfree/data/time/ohlc/OHLCItem.java,org.jfree.data.time.ohlc.OHLCItem,86.0,43.0,0.5,10.0,0.05
java/org/jfree/chart/urls/CategoryURLGenerator.java,org.jfree.chart.urls.CategoryURLGenerator,19.0,16.0,0.84210527,0.0,Infinity
java/org/jfree/chart/axis/ValueAxis.java,org.jfree.chart.axis.ValueAxis,1425.0,755.0,0.52982455,128.0,0.0041392543
java/org/jfree/data/statistics/BoxAndWhiskerCategoryDataset.java,org.jfree.data.statistics.BoxAndWhiskerCategoryDataset,170.0,150.0,0.88235295,0.0,Infinity
java/org/jfree/chart/labels/CategoryToolTipGenerator.java,org.jfree.chart.labels.CategoryToolTipGenerator,24.0,21.0,0.875,0.0,Infinity
java/org/jfree/chart/renderer/category/AreaRenderer.java,org.jfree.chart.renderer.category.AreaRenderer,230.0,75.0,0.32608697,25.0,0.013043479
java/org/jfree/chart/renderer/PaintScale.java,org.jfree.chart.renderer.PaintScale,35.0,30.0,0.85714287,0.0,Infinity
java/org/jfree/chart/annotations/XYBoxAnnotation.java,org.jfree.chart.annotations.XYBoxAnnotation,289.0,147.0,0.50865054,27.0,0.018838909
java/org/jfree/chart/ChartColor.java,org.jfree.chart.ChartColor,124.0,92.0,0.7419355,1.0,0.7419355
java/org/jfree/chart/renderer/xy/WindItemRenderer.java,org.jfree.chart.renderer.xy.WindItemRenderer,98.0,40.0,0.40816328,2.0,0.20408164
java/org/jfree/chart/urls/StandardXYZURLGenerator.java,org.jfree.chart.urls.StandardXYZURLGenerator,18.0,12.0,0.6666667,1.0,0.6666667
